Workbook

Sheet 프로젝트WBS
B1: 물류센터 자동 분류, 파레타이징, 출하 디지털 트윈 WBS | K1: 실적기준일 : | L1: 46322 | T1: SPI | U1: =IFERROR(U5/S5,0) -> 0.5443787 | V1: =IF(U1<0.75,"(위험)",IF(U1<0.85,"(경고)",IF(U1<0.95,"(주의)","(양호)"))) -> (위험)
B3: 단계 | F3: TASK | G3: 범위 | H3: 담당 | I3: 산출물 | J3: 완료 조건 (TC) | K3: 계획 시작일 | L3: 예상 완료일 | M3: 실제 시작일 | N3: 실제 완료(예정)일 | O3: 계획 기간 | P3: 실제 기간 | Q3: 계획 진행 | R3: 실제 진행 | S3: 계획 완료율 | T3: 작업 완료율 | U3: 프로젝트 실적 | W3: 10일 개발 일정 (10/27~11/5)
U4: 진척율 | V4: 달성율 | W4: 26. 10월 | AB4: 26. 11월
C5: 가중치 | D5: 수행단계 | K5: =MIN(K6:K107) -> 46322 | L5: =MAX(L6:L107) -> 46331 | M5: =MIN(M6:M107) -> 46322 | N5: =MAX(N6:N107) -> 46322 | O5: =O108 -> 92 | P5: =P108 -> 10 | Q5: =Q108 -> 13 | R5: =R108 -> 10 | S5: =S108 -> 0.14130435 | T5: =T108 -> 0.10869565 | U5: =AVERAGE(U6:U18)*C6+AVERAGE(U20:U40)*C20+AVERAGE(U42:U64)*C42+AVERAGE(U66:U82)*C66+AVERAGE(U84:U95)*C84+AVERAGE(U97:U100)*C97 -> 0.076923077 | V5: =U5-S5 -> -0.064381271 | W5: 46322 | X5: 46323 | Y5: 46324 | Z5: 46325 | AA5: 46326 | AB5: 46327 | AC5: 46328 | AD5: 46329 | AE5: 46330 | AF5: 46331
B6: 1 | C6: 0.1 | D6: 기획/문서/에셋 | E6: FR-01~FR-24 NFR-01~NFR-07 | F6: SRS v1.1 요구사항과 TC 번호 확정 | G6: 필수 | H6: 이영노 | I6: SRS_LogisticsCenter_v1.1.docx | J6: FR-01~FR-24, NFR-01~NFR-07이 TC-01~TC-31에 1:1로 연결됨 | K6: 46322 | L6: 46322 | M6: 46322 | N6: 46322 | O6: =IF(OR(K6="",L6=""),0,L6-K6+1-COUNTIFS(휴일!$A$2:$A$20,">="&K6,휴일!$A$2:$A$20,"<="&L6)) -> 1 | P6: =IF(OR(M6="",N6=""),0,N6-M6+1-COUNTIFS(휴일!$A$2:$A$20,">="&M6,휴일!$A$2:$A$20,"<="&N6)) -> 1 | Q6: =IF(O6=0,0,MAX(0,MIN(O6,$L$1-K6+1-COUNTIFS(휴일!$A$2:$A$20,">="&K6,휴일!$A$2:$A$20,"<="&$L$1)))) -> 1 | R6: =IF(P6=0,0,MIN(P6,O6)) -> 1 | S6: =IFERROR(Q6/O6,0) -> 1 | T6: =IFERROR(R6/O6,0) -> 1 | U6: =IF(OR(O6=0,R6=0),0,MIN(1,R6/O6)) -> 1 | V6: =U6-S6 -> 0 | W6: =IF(AND(W$5>=$K6,W$5<=$L6,COUNTIF(휴일!$A$2:$A$20,W$5)=0),IF($G6="선택","□","■"),"") -> ■ | X6: =IF(AND(X$5>=$K6,X$5<=$L6,COUNTIF(휴일!$A$2:$A$20,X$5)=0),IF($G6="선택","□","■"),"") | Y6: =IF(AND(Y$5>=$K6,Y$5<=$L6,COUNTIF(휴일!$A$2:$A$20,Y$5)=0),IF($G6="선택","□","■"),"") | Z6: =IF(AND(Z$5>=$K6,Z$5<=$L6,COUNTIF(휴일!$A$2:$A$20,Z$5)=0),IF($G6="선택","□","■"),"") | AA6: =IF(AND(AA$5>=$K6,AA$5<=$L6,COUNTIF(휴일!$A$2:$A$20,AA$5)=0),IF($G6="선택","□","■"),"") | AB6: =IF(AND(AB$5>=$K6,AB$5<=$L6,COUNTIF(휴일!$A$2:$A$20,AB$5)=0),IF($G6="선택","□","■"),"") | AC6: =IF(AND(AC$5>=$K6,AC$5<=$L6,COUNTIF(휴일!$A$2:$A$20,AC$5)=0),IF($G6="선택","□","■"),"") | AD6: =IF(AND(AD$5>=$K6,AD$5<=$L6,COUNTIF(휴일!$A$2:$A$20,AD$5)=0),IF($G6="선택","□","■"),"") | ... AF6: =IF(AND(AF$5>=$K6,AF$5<=$L6,COUNTIF(휴일!$A$2:$A$20,AF$5)=0),IF($G6="선택","□","■"),"")
E7: FR-01~FR-24 NFR-01~NFR-07 | F7: SRS 기준 WBS 작성 | G7: 필수 | H7: 이영노 | I7: WBS_LogisticsCenter.xlsx | J7: 모든 FR과 NFR이 작업과 완료 조건의 TC에 연결됨 | K7: 46322 | L7: 46322 | M7: 46322 | N7: 46322 | O7: =IF(OR(K7="",L7=""),0,L7-K7+1-COUNTIFS(휴일!$A$2:$A$20,">="&K7,휴일!$A$2:$A$20,"<="&L7)) -> 1 | P7: =IF(OR(M7="",N7=""),0,N7-M7+1-COUNTIFS(휴일!$A$2:$A$20,">="&M7,휴일!$A$2:$A$20,"<="&N7)) -> 1 | Q7: =IF(O7=0,0,MAX(0,MIN(O7,$L$1-K7+1-COUNTIFS(휴일!$A$2:$A$20,">="&K7,휴일!$A$2:$A$20,"<="&$L$1)))) -> 1 | R7: =IF(P7=0,0,MIN(P7,O7)) -> 1 | S7: =IFERROR(Q7/O7,0) -> 1 | T7: =IFERROR(R7/O7,0) -> 1 | U7: =IF(OR(O7=0,R7=0),0,MIN(1,R7/O7)) -> 1 | V7: =U7-S7 -> 0 | W7: =IF(AND(W$5>=$K7,W$5<=$L7,COUNTIF(휴일!$A$2:$A$20,W$5)=0),IF($G7="선택","□","■"),"") -> ■ | X7: =IF(AND(X$5>=$K7,X$5<=$L7,COUNTIF(휴일!$A$2:$A$20,X$5)=0),IF($G7="선택","□","■"),"") | Y7: =IF(AND(Y$5>=$K7,Y$5<=$L7,COUNTIF(휴일!$A$2:$A$20,Y$5)=0),IF($G7="선택","□","■"),"") | Z7: =IF(AND(Z$5>=$K7,Z$5<=$L7,COUNTIF(휴일!$A$2:$A$20,Z$5)=0),IF($G7="선택","□","■"),"") | AA7: =IF(AND(AA$5>=$K7,AA$5<=$L7,COUNTIF(휴일!$A$2:$A$20,AA$5)=0),IF($G7="선택","□","■"),"") | AB7: =IF(AND(AB$5>=$K7,AB$5<=$L7,COUNTIF(휴일!$A$2:$A$20,AB$5)=0),IF($G7="선택","□","■"),"") | AC7: =IF(AND(AC$5>=$K7,AC$5<=$L7,COUNTIF(휴일!$A$2:$A$20,AC$5)=0),IF($G7="선택","□","■"),"") | AD7: =IF(AND(AD$5>=$K7,AD$5<=$L7,COUNTIF(휴일!$A$2:$A$20,AD$5)=0),IF($G7="선택","□","■"),"") | ... AF7: =IF(AND(AF$5>=$K7,AF$5<=$L7,COUNTIF(휴일!$A$2:$A$20,AF$5)=0),IF($G7="선택","□","■"),"")
E8: FR-01 | F8: 물류센터 건물 에셋 준비 | G8: 필수 | H8: 이영노 | I8: 건물 Prefab | J8: 외벽, 바닥, 출입구 모델이 Unity에 Import됨 | K8: 46322 | L8: 46322 | M8: 46322 | N8: 46322 | O8: =IF(OR(K8="",L8=""),0,L8-K8+1-COUNTIFS(휴일!$A$2:$A$20,">="&K8,휴일!$A$2:$A$20,"<="&L8)) -> 1 | P8: =IF(OR(M8="",N8=""),0,N8-M8+1-COUNTIFS(휴일!$A$2:$A$20,">="&M8,휴일!$A$2:$A$20,"<="&N8)) -> 1 | Q8: =IF(O8=0,0,MAX(0,MIN(O8,$L$1-K8+1-COUNTIFS(휴일!$A$2:$A$20,">="&K8,휴일!$A$2:$A$20,"<="&$L$1)))) -> 1 | R8: =IF(P8=0,0,MIN(P8,O8)) -> 1 | S8: =IFERROR(Q8/O8,0) -> 1 | T8: =IFERROR(R8/O8,0) -> 1 | U8: =IF(OR(O8=0,R8=0),0,MIN(1,R8/O8)) -> 1 | V8: =U8-S8 -> 0 | W8: =IF(AND(W$5>=$K8,W$5<=$L8,COUNTIF(휴일!$A$2:$A$20,W$5)=0),IF($G8="선택","□","■"),"") -> ■ | X8: =IF(AND(X$5>=$K8,X$5<=$L8,COUNTIF(휴일!$A$2:$A$20,X$5)=0),IF($G8="선택","□","■"),"") | Y8: =IF(AND(Y$5>=$K8,Y$5<=$L8,COUNTIF(휴일!$A$2:$A$20,Y$5)=0),IF($G8="선택","□","■"),"") | Z8: =IF(AND(Z$5>=$K8,Z$5<=$L8,COUNTIF(휴일!$A$2:$A$20,Z$5)=0),IF($G8="선택","□","■"),"") | AA8: =IF(AND(AA$5>=$K8,AA$5<=$L8,COUNTIF(휴일!$A$2:$A$20,AA$5)=0),IF($G8="선택","□","■"),"") | AB8: =IF(AND(AB$5>=$K8,AB$5<=$L8,COUNTIF(휴일!$A$2:$A$20,AB$5)=0),IF($G8="선택","□","■"),"") | AC8: =IF(AND(AC$5>=$K8,AC$5<=$L8,COUNTIF(휴일!$A$2:$A$20,AC$5)=0),IF($G8="선택","□","■"),"") | AD8: =IF(AND(AD$5>=$K8,AD$5<=$L8,COUNTIF(휴일!$A$2:$A$20,AD$5)=0),IF($G8="선택","□","■"),"") | ... AF8: =IF(AND(AF$5>=$K8,AF$5<=$L8,COUNTIF(휴일!$A$2:$A$20,AF$5)=0),IF($G8="선택","□","■"),"")
E9: FR-05 | F9: 메인 컨베이어 에셋 준비 | G9: 필수 | H9: 이영노 | I9: 컨베이어 Prefab | J9: 직선과 곡선 구간 모델이 Unity에 Import됨 | K9: 46322 | L9: 46322 | M9: 46322 | N9: 46322 | O9: =IF(OR(K9="",L9=""),0,L9-K9+1-COUNTIFS(휴일!$A$2:$A$20,">="&K9,휴일!$A$2:$A$20,"<="&L9)) -> 1 | P9: =IF(OR(M9="",N9=""),0,N9-M9+1-COUNTIFS(휴일!$A$2:$A$20,">="&M9,휴일!$A$2:$A$20,"<="&N9)) -> 1 | Q9: =IF(O9=0,0,MAX(0,MIN(O9,$L$1-K9+1-COUNTIFS(휴일!$A$2:$A$20,">="&K9,휴일!$A$2:$A$20,"<="&$L$1)))) -> 1 | R9: =IF(P9=0,0,MIN(P9,O9)) -> 1 | S9: =IFERROR(Q9/O9,0) -> 1 | T9: =IFERROR(R9/O9,0) -> 1 | U9: =IF(OR(O9=0,R9=0),0,MIN(1,R9/O9)) -> 1 | V9: =U9-S9 -> 0 | W9: =IF(AND(W$5>=$K9,W$5<=$L9,COUNTIF(휴일!$A$2:$A$20,W$5)=0),IF($G9="선택","□","■"),"") -> ■ | X9: =IF(AND(X$5>=$K9,X$5<=$L9,COUNTIF(휴일!$A$2:$A$20,X$5)=0),IF($G9="선택","□","■"),"") | Y9: =IF(AND(Y$5>=$K9,Y$5<=$L9,COUNTIF(휴일!$A$2:$A$20,Y$5)=0),IF($G9="선택","□","■"),"") | Z9: =IF(AND(Z$5>=$K9,Z$5<=$L9,COUNTIF(휴일!$A$2:$A$20,Z$5)=0),IF($G9="선택","□","■"),"") | AA9: =IF(AND(AA$5>=$K9,AA$5<=$L9,COUNTIF(휴일!$A$2:$A$20,AA$5)=0),IF($G9="선택","□","■"),"") | AB9: =IF(AND(AB$5>=$K9,AB$5<=$L9,COUNTIF(휴일!$A$2:$A$20,AB$5)=0),IF($G9="선택","□","■"),"") | AC9: =IF(AND(AC$5>=$K9,AC$5<=$L9,COUNTIF(휴일!$A$2:$A$20,AC$5)=0),IF($G9="선택","□","■"),"") | AD9: =IF(AND(AD$5>=$K9,AD$5<=$L9,COUNTIF(휴일!$A$2:$A$20,AD$5)=0),IF($G9="선택","□","■"),"") | ... AF9: =IF(AND(AF$5>=$K9,AF$5<=$L9,COUNTIF(휴일!$A$2:$A$20,AF$5)=0),IF($G9="선택","□","■"),"")
E10: FR-08 | F10: 경사 롤러 컨베이어 에셋 준비 | G10: 필수 | H10: 이영노 | I10: 롤러 Prefab | J10: 구동부 없는 롤러 모델이 Unity에 Import됨 | K10: 46322 | L10: 46322 | M10: 46322 | N10: 46322 | O10: =IF(OR(K10="",L10=""),0,L10-K10+1-COUNTIFS(휴일!$A$2:$A$20,">="&K10,휴일!$A$2:$A$20,"<="&L10)) -> 1 | P10: =IF(OR(M10="",N10=""),0,N10-M10+1-COUNTIFS(휴일!$A$2:$A$20,">="&M10,휴일!$A$2:$A$20,"<="&N10)) -> 1 | Q10: =IF(O10=0,0,MAX(0,MIN(O10,$L$1-K10+1-COUNTIFS(휴일!$A$2:$A$20,">="&K10,휴일!$A$2:$A$20,"<="&$L$1)))) -> 1 | R10: =IF(P10=0,0,MIN(P10,O10)) -> 1 | S10: =IFERROR(Q10/O10,0) -> 1 | T10: =IFERROR(R10/O10,0) -> 1 | U10: =IF(OR(O10=0,R10=0),0,MIN(1,R10/O10)) -> 1 | V10: =U10-S10 -> 0 | W10: =IF(AND(W$5>=$K10,W$5<=$L10,COUNTIF(휴일!$A$2:$A$20,W$5)=0),IF($G10="선택","□","■"),"") -> ■ | X10: =IF(AND(X$5>=$K10,X$5<=$L10,COUNTIF(휴일!$A$2:$A$20,X$5)=0),IF($G10="선택","□","■"),"") | Y10: =IF(AND(Y$5>=$K10,Y$5<=$L10,COUNTIF(휴일!$A$2:$A$20,Y$5)=0),IF($G10="선택","□","■"),"") | Z10: =IF(AND(Z$5>=$K10,Z$5<=$L10,COUNTIF(휴일!$A$2:$A$20,Z$5)=0),IF($G10="선택","□","■"),"") | AA10: =IF(AND(AA$5>=$K10,AA$5<=$L10,COUNTIF(휴일!$A$2:$A$20,AA$5)=0),IF($G10="선택","□","■"),"") | AB10: =IF(AND(AB$5>=$K10,AB$5<=$L10,COUNTIF(휴일!$A$2:$A$20,AB$5)=0),IF($G10="선택","□","■"),"") | AC10: =IF(AND(AC$5>=$K10,AC$5<=$L10,COUNTIF(휴일!$A$2:$A$20,AC$5)=0),IF($G10="선택","□","■"),"") | AD10: =IF(AND(AD$5>=$K10,AD$5<=$L10,COUNTIF(휴일!$A$2:$A$20,AD$5)=0),IF($G10="선택","□","■"),"") | ... AF10: =IF(AND(AF$5>=$K10,AF$5<=$L10,COUNTIF(휴일!$A$2:$A$20,AF$5)=0),IF($G10="선택","□","■"),"")
E11: FR-03 | F11: 박스 모델 준비 | G11: 필수 | H11: 이영노 | I11: 박스 Prefab | J11: 360×280×340mm, 2kg 박스 모델 생성 | K11: 46322 | L11: 46322 | M11: 46322 | N11: 46322 | O11: =IF(OR(K11="",L11=""),0,L11-K11+1-COUNTIFS(휴일!$A$2:$A$20,">="&K11,휴일!$A$2:$A$20,"<="&L11)) -> 1 | P11: =IF(OR(M11="",N11=""),0,N11-M11+1-COUNTIFS(휴일!$A$2:$A$20,">="&M11,휴일!$A$2:$A$20,"<="&N11)) -> 1 | Q11: =IF(O11=0,0,MAX(0,MIN(O11,$L$1-K11+1-COUNTIFS(휴일!$A$2:$A$20,">="&K11,휴일!$A$2:$A$20,"<="&$L$1)))) -> 1 | R11: =IF(P11=0,0,MIN(P11,O11)) -> 1 | S11: =IFERROR(Q11/O11,0) -> 1 | T11: =IFERROR(R11/O11,0) -> 1 | U11: =IF(OR(O11=0,R11=0),0,MIN(1,R11/O11)) -> 1 | V11: =U11-S11 -> 0 | W11: =IF(AND(W$5>=$K11,W$5<=$L11,COUNTIF(휴일!$A$2:$A$20,W$5)=0),IF($G11="선택","□","■"),"") -> ■ | X11: =IF(AND(X$5>=$K11,X$5<=$L11,COUNTIF(휴일!$A$2:$A$20,X$5)=0),IF($G11="선택","□","■"),"") | Y11: =IF(AND(Y$5>=$K11,Y$5<=$L11,COUNTIF(휴일!$A$2:$A$20,Y$5)=0),IF($G11="선택","□","■"),"") | Z11: =IF(AND(Z$5>=$K11,Z$5<=$L11,COUNTIF(휴일!$A$2:$A$20,Z$5)=0),IF($G11="선택","□","■"),"") | AA11: =IF(AND(AA$5>=$K11,AA$5<=$L11,COUNTIF(휴일!$A$2:$A$20,AA$5)=0),IF($G11="선택","□","■"),"") | AB11: =IF(AND(AB$5>=$K11,AB$5<=$L11,COUNTIF(휴일!$A$2:$A$20,AB$5)=0),IF($G11="선택","□","■"),"") | AC11: =IF(AND(AC$5>=$K11,AC$5<=$L11,COUNTIF(휴일!$A$2:$A$20,AC$5)=0),IF($G11="선택","□","■"),"") | AD11: =IF(AND(AD$5>=$K11,AD$5<=$L11,COUNTIF(휴일!$A$2:$A$20,AD$5)=0),IF($G11="선택","□","■"),"") | ... AF11: =IF(AND(AF$5>=$K11,AF$5<=$L11,COUNTIF(휴일!$A$2:$A$20,AF$5)=0),IF($G11="선택","□","■"),"")
E12: FR-10 | F12: 파레트 모델 준비 | G12: 필수 | H12: 이영노 | I12: 파레트 Prefab | J12: 1100×1100×150mm 파레트 모델 생성 | K12: 46322 | L12: 46322 | M12: 46322 | O12: =IF(OR(K12="",L12=""),0,L12-K12+1-COUNTIFS(휴일!$A$2:$A$20,">="&K12,휴일!$A$2:$A$20,"<="&L12)) -> 1 | P12: =IF(OR(M12="",N12=""),0,N12-M12+1-COUNTIFS(휴일!$A$2:$A$20,">="&M12,휴일!$A$2:$A$20,"<="&N12)) -> 0 | Q12: =IF(O12=0,0,MAX(0,MIN(O12,$L$1-K12+1-COUNTIFS(휴일!$A$2:$A$20,">="&K12,휴일!$A$2:$A$20,"<="&$L$1)))) -> 1 | R12: =IF(P12=0,0,MIN(P12,O12)) -> 0 | S12: =IFERROR(Q12/O12,0) -> 1 | T12: =IFERROR(R12/O12,0) -> 0 | U12: =IF(OR(O12=0,R12=0),0,MIN(1,R12/O12)) -> 0 | V12: =U12-S12 -> -1 | W12: =IF(AND(W$5>=$K12,W$5<=$L12,COUNTIF(휴일!$A$2:$A$20,W$5)=0),IF($G12="선택","□","■"),"") -> ■ | X12: =IF(AND(X$5>=$K12,X$5<=$L12,COUNTIF(휴일!$A$2:$A$20,X$5)=0),IF($G12="선택","□","■"),"") | Y12: =IF(AND(Y$5>=$K12,Y$5<=$L12,COUNTIF(휴일!$A$2:$A$20,Y$5)=0),IF($G12="선택","□","■"),"") | Z12: =IF(AND(Z$5>=$K12,Z$5<=$L12,COUNTIF(휴일!$A$2:$A$20,Z$5)=0),IF($G12="선택","□","■"),"") | AA12: =IF(AND(AA$5>=$K12,AA$5<=$L12,COUNTIF(휴일!$A$2:$A$20,AA$5)=0),IF($G12="선택","□","■"),"") | AB12: =IF(AND(AB$5>=$K12,AB$5<=$L12,COUNTIF(휴일!$A$2:$A$20,AB$5)=0),IF($G12="선택","□","■"),"") | AC12: =IF(AND(AC$5>=$K12,AC$5<=$L12,COUNTIF(휴일!$A$2:$A$20,AC$5)=0),IF($G12="선택","□","■"),"") | AD12: =IF(AND(AD$5>=$K12,AD$5<=$L12,COUNTIF(휴일!$A$2:$A$20,AD$5)=0),IF($G12="선택","□","■"),"") | ... AF12: =IF(AND(AF$5>=$K12,AF$5<=$L12,COUNTIF(휴일!$A$2:$A$20,AF$5)=0),IF($G12="선택","□","■"),"")
E13: FR-10 | F13: FR5 URDF와 STL Import | G13: 필수 | H13: 이영노 | I13: FR5 Prefab | J13: fairino5_v6 관절 제한과 링크 형상 반영. 파일 사용 권리 확인 결과 기록 | K13: 46322 | L13: 46322 | M13: 46322 | N13: 46322 | O13: =IF(OR(K13="",L13=""),0,L13-K13+1-COUNTIFS(휴일!$A$2:$A$20,">="&K13,휴일!$A$2:$A$20,"<="&L13)) -> 1 | P13: =IF(OR(M13="",N13=""),0,N13-M13+1-COUNTIFS(휴일!$A$2:$A$20,">="&M13,휴일!$A$2:$A$20,"<="&N13)) -> 1 | Q13: =IF(O13=0,0,MAX(0,MIN(O13,$L$1-K13+1-COUNTIFS(휴일!$A$2:$A$20,">="&K13,휴일!$A$2:$A$20,"<="&$L$1)))) -> 1 | R13: =IF(P13=0,0,MIN(P13,O13)) -> 1 | S13: =IFERROR(Q13/O13,0) -> 1 | T13: =IFERROR(R13/O13,0) -> 1 | U13: =IF(OR(O13=0,R13=0),0,MIN(1,R13/O13)) -> 1 | V13: =U13-S13 -> 0 | W13: =IF(AND(W$5>=$K13,W$5<=$L13,COUNTIF(휴일!$A$2:$A$20,W$5)=0),IF($G13="선택","□","■"),"") -> ■ | X13: =IF(AND(X$5>=$K13,X$5<=$L13,COUNTIF(휴일!$A$2:$A$20,X$5)=0),IF($G13="선택","□","■"),"") | Y13: =IF(AND(Y$5>=$K13,Y$5<=$L13,COUNTIF(휴일!$A$2:$A$20,Y$5)=0),IF($G13="선택","□","■"),"") | Z13: =IF(AND(Z$5>=$K13,Z$5<=$L13,COUNTIF(휴일!$A$2:$A$20,Z$5)=0),IF($G13="선택","□","■"),"") | AA13: =IF(AND(AA$5>=$K13,AA$5<=$L13,COUNTIF(휴일!$A$2:$A$20,AA$5)=0),IF($G13="선택","□","■"),"") | AB13: =IF(AND(AB$5>=$K13,AB$5<=$L13,COUNTIF(휴일!$A$2:$A$20,AB$5)=0),IF($G13="선택","□","■"),"") | AC13: =IF(AND(AC$5>=$K13,AC$5<=$L13,COUNTIF(휴일!$A$2:$A$20,AC$5)=0),IF($G13="선택","□","■"),"") | AD13: =IF(AND(AD$5>=$K13,AD$5<=$L13,COUNTIF(휴일!$A$2:$A$20,AD$5)=0),IF($G13="선택","□","■"),"") | ... AF13: =IF(AND(AF$5>=$K13,AF$5<=$L13,COUNTIF(휴일!$A$2:$A$20,AF$5)=0),IF($G13="선택","□","■"),"")
E14: FR-09 | F14: 흡착 툴 모델 준비 | G14: 필수 | H14: 이영노 | I14: 흡착 툴 Prefab | J14: 툴 길이 182.8mm 반영, FR5 플랜지에 장착됨 | K14: 46322 | L14: 46322 | M14: 46322 | N14: 46322 | O14: =IF(OR(K14="",L14=""),0,L14-K14+1-COUNTIFS(휴일!$A$2:$A$20,">="&K14,휴일!$A$2:$A$20,"<="&L14)) -> 1 | P14: =IF(OR(M14="",N14=""),0,N14-M14+1-COUNTIFS(휴일!$A$2:$A$20,">="&M14,휴일!$A$2:$A$20,"<="&N14)) -> 1 | Q14: =IF(O14=0,0,MAX(0,MIN(O14,$L$1-K14+1-COUNTIFS(휴일!$A$2:$A$20,">="&K14,휴일!$A$2:$A$20,"<="&$L$1)))) -> 1 | R14: =IF(P14=0,0,MIN(P14,O14)) -> 1 | S14: =IFERROR(Q14/O14,0) -> 1 | T14: =IFERROR(R14/O14,0) -> 1 | U14: =IF(OR(O14=0,R14=0),0,MIN(1,R14/O14)) -> 1 | V14: =U14-S14 -> 0 | W14: =IF(AND(W$5>=$K14,W$5<=$L14,COUNTIF(휴일!$A$2:$A$20,W$5)=0),IF($G14="선택","□","■"),"") -> ■ | X14: =IF(AND(X$5>=$K14,X$5<=$L14,COUNTIF(휴일!$A$2:$A$20,X$5)=0),IF($G14="선택","□","■"),"") | Y14: =IF(AND(Y$5>=$K14,Y$5<=$L14,COUNTIF(휴일!$A$2:$A$20,Y$5)=0),IF($G14="선택","□","■"),"") | Z14: =IF(AND(Z$5>=$K14,Z$5<=$L14,COUNTIF(휴일!$A$2:$A$20,Z$5)=0),IF($G14="선택","□","■"),"") | AA14: =IF(AND(AA$5>=$K14,AA$5<=$L14,COUNTIF(휴일!$A$2:$A$20,AA$5)=0),IF($G14="선택","□","■"),"") | AB14: =IF(AND(AB$5>=$K14,AB$5<=$L14,COUNTIF(휴일!$A$2:$A$20,AB$5)=0),IF($G14="선택","□","■"),"") | AC14: =IF(AND(AC$5>=$K14,AC$5<=$L14,COUNTIF(휴일!$A$2:$A$20,AC$5)=0),IF($G14="선택","□","■"),"") | AD14: =IF(AND(AD$5>=$K14,AD$5<=$L14,COUNTIF(휴일!$A$2:$A$20,AD$5)=0),IF($G14="선택","□","■"),"") | ... AF14: =IF(AND(AF$5>=$K14,AF$5<=$L14,COUNTIF(휴일!$A$2:$A$20,AF$5)=0),IF($G14="선택","□","■"),"")
E15: FR-13, FR-14 | F15: AMR 지게차 모델 준비 | G15: 필수 | H15: 이영노 | I15: AMR Prefab | J15: 포크로 파레트를 들 수 있는 모델이 Import됨 | K15: 46322 | L15: 46322 | M15: 46322 | O15: =IF(OR(K15="",L15=""),0,L15-K15+1-COUNTIFS(휴일!$A$2:$A$20,">="&K15,휴일!$A$2:$A$20,"<="&L15)) -> 1 | P15: =IF(OR(M15="",N15=""),0,N15-M15+1-COUNTIFS(휴일!$A$2:$A$20,">="&M15,휴일!$A$2:$A$20,"<="&N15)) -> 0 | Q15: =IF(O15=0,0,MAX(0,MIN(O15,$L$1-K15+1-COUNTIFS(휴일!$A$2:$A$20,">="&K15,휴일!$A$2:$A$20,"<="&$L$1)))) -> 1 | R15: =IF(P15=0,0,MIN(P15,O15)) -> 0 | S15: =IFERROR(Q15/O15,0) -> 1 | T15: =IFERROR(R15/O15,0) -> 0 | U15: =IF(OR(O15=0,R15=0),0,MIN(1,R15/O15)) -> 0 | V15: =U15-S15 -> -1 | W15: =IF(AND(W$5>=$K15,W$5<=$L15,COUNTIF(휴일!$A$2:$A$20,W$5)=0),IF($G15="선택","□","■"),"") -> ■ | X15: =IF(AND(X$5>=$K15,X$5<=$L15,COUNTIF(휴일!$A$2:$A$20,X$5)=0),IF($G15="선택","□","■"),"") | Y15: =IF(AND(Y$5>=$K15,Y$5<=$L15,COUNTIF(휴일!$A$2:$A$20,Y$5)=0),IF($G15="선택","□","■"),"") | Z15: =IF(AND(Z$5>=$K15,Z$5<=$L15,COUNTIF(휴일!$A$2:$A$20,Z$5)=0),IF($G15="선택","□","■"),"") | AA15: =IF(AND(AA$5>=$K15,AA$5<=$L15,COUNTIF(휴일!$A$2:$A$20,AA$5)=0),IF($G15="선택","□","■"),"") | AB15: =IF(AND(AB$5>=$K15,AB$5<=$L15,COUNTIF(휴일!$A$2:$A$20,AB$5)=0),IF($G15="선택","□","■"),"") | AC15: =IF(AND(AC$5>=$K15,AC$5<=$L15,COUNTIF(휴일!$A$2:$A$20,AC$5)=0),IF($G15="선택","□","■"),"") | AD15: =IF(AND(AD$5>=$K15,AD$5<=$L15,COUNTIF(휴일!$A$2:$A$20,AD$5)=0),IF($G15="선택","□","■"),"") | ... AF15: =IF(AND(AF$5>=$K15,AF$5<=$L15,COUNTIF(휴일!$A$2:$A$20,AF$5)=0),IF($G15="선택","□","■"),"")
E16: FR-15~FR-17 | F16: 출하 차량 모델 준비 | G16: 필수 | H16: 이영노 | I16: 차량 Prefab | J16: 적재함에 파레트 10개를 2열로 놓을 수 있음 | K16: 46322 | L16: 46322 | M16: 46322 | O16: =IF(OR(K16="",L16=""),0,L16-K16+1-COUNTIFS(휴일!$A$2:$A$20,">="&K16,휴일!$A$2:$A$20,"<="&L16)) -> 1 | P16: =IF(OR(M16="",N16=""),0,N16-M16+1-COUNTIFS(휴일!$A$2:$A$20,">="&M16,휴일!$A$2:$A$20,"<="&N16)) -> 0 | Q16: =IF(O16=0,0,MAX(0,MIN(O16,$L$1-K16+1-COUNTIFS(휴일!$A$2:$A$20,">="&K16,휴일!$A$2:$A$20,"<="&$L$1)))) -> 1 | R16: =IF(P16=0,0,MIN(P16,O16)) -> 0 | S16: =IFERROR(Q16/O16,0) -> 1 | T16: =IFERROR(R16/O16,0) -> 0 | U16: =IF(OR(O16=0,R16=0),0,MIN(1,R16/O16)) -> 0 | V16: =U16-S16 -> -1 | W16: =IF(AND(W$5>=$K16,W$5<=$L16,COUNTIF(휴일!$A$2:$A$20,W$5)=0),IF($G16="선택","□","■"),"") -> ■ | X16: =IF(AND(X$5>=$K16,X$5<=$L16,COUNTIF(휴일!$A$2:$A$20,X$5)=0),IF($G16="선택","□","■"),"") | Y16: =IF(AND(Y$5>=$K16,Y$5<=$L16,COUNTIF(휴일!$A$2:$A$20,Y$5)=0),IF($G16="선택","□","■"),"") | Z16: =IF(AND(Z$5>=$K16,Z$5<=$L16,COUNTIF(휴일!$A$2:$A$20,Z$5)=0),IF($G16="선택","□","■"),"") | AA16: =IF(AND(AA$5>=$K16,AA$5<=$L16,COUNTIF(휴일!$A$2:$A$20,AA$5)=0),IF($G16="선택","□","■"),"") | AB16: =IF(AND(AB$5>=$K16,AB$5<=$L16,COUNTIF(휴일!$A$2:$A$20,AB$5)=0),IF($G16="선택","□","■"),"") | AC16: =IF(AND(AC$5>=$K16,AC$5<=$L16,COUNTIF(휴일!$A$2:$A$20,AC$5)=0),IF($G16="선택","□","■"),"") | AD16: =IF(AND(AD$5>=$K16,AD$5<=$L16,COUNTIF(휴일!$A$2:$A$20,AD$5)=0),IF($G16="선택","□","■"),"") | ... AF16: =IF(AND(AF$5>=$K16,AF$5<=$L16,COUNTIF(휴일!$A$2:$A$20,AF$5)=0),IF($G16="선택","□","■"),"")
E17: FR-06 | F17: Code 128 라벨 이미지 준비 | G17: 필수 | H17: 이영노 | I17: 라벨 이미지 3종 | J17: L01, L02, L03 라벨 이미지 생성 | K17: 46322 | L17: 46322 | M17: 46322 | N17: 46322 | O17: =IF(OR(K17="",L17=""),0,L17-K17+1-COUNTIFS(휴일!$A$2:$A$20,">="&K17,휴일!$A$2:$A$20,"<="&L17)) -> 1 | P17: =IF(OR(M17="",N17=""),0,N17-M17+1-COUNTIFS(휴일!$A$2:$A$20,">="&M17,휴일!$A$2:$A$20,"<="&N17)) -> 1 | Q17: =IF(O17=0,0,MAX(0,MIN(O17,$L$1-K17+1-COUNTIFS(휴일!$A$2:$A$20,">="&K17,휴일!$A$2:$A$20,"<="&$L$1)))) -> 1 | R17: =IF(P17=0,0,MIN(P17,O17)) -> 1 | S17: =IFERROR(Q17/O17,0) -> 1 | T17: =IFERROR(R17/O17,0) -> 1 | U17: =IF(OR(O17=0,R17=0),0,MIN(1,R17/O17)) -> 1 | V17: =U17-S17 -> 0 | W17: =IF(AND(W$5>=$K17,W$5<=$L17,COUNTIF(휴일!$A$2:$A$20,W$5)=0),IF($G17="선택","□","■"),"") -> ■ | X17: =IF(AND(X$5>=$K17,X$5<=$L17,COUNTIF(휴일!$A$2:$A$20,X$5)=0),IF($G17="선택","□","■"),"") | Y17: =IF(AND(Y$5>=$K17,Y$5<=$L17,COUNTIF(휴일!$A$2:$A$20,Y$5)=0),IF($G17="선택","□","■"),"") | Z17: =IF(AND(Z$5>=$K17,Z$5<=$L17,COUNTIF(휴일!$A$2:$A$20,Z$5)=0),IF($G17="선택","□","■"),"") | AA17: =IF(AND(AA$5>=$K17,AA$5<=$L17,COUNTIF(휴일!$A$2:$A$20,AA$5)=0),IF($G17="선택","□","■"),"") | AB17: =IF(AND(AB$5>=$K17,AB$5<=$L17,COUNTIF(휴일!$A$2:$A$20,AB$5)=0),IF($G17="선택","□","■"),"") | AC17: =IF(AND(AC$5>=$K17,AC$5<=$L17,COUNTIF(휴일!$A$2:$A$20,AC$5)=0),IF($G17="선택","□","■"),"") | AD17: =IF(AND(AD$5>=$K17,AD$5<=$L17,COUNTIF(휴일!$A$2:$A$20,AD$5)=0),IF($G17="선택","□","■"),"") | ... AF17: =IF(AND(AF$5>=$K17,AF$5<=$L17,COUNTIF(휴일!$A$2:$A$20,AF$5)=0),IF($G17="선택","□","■"),"")
E18: FR-06 | F18: ZXing.Net 패키지 Import | G18: 필수 | H18: 이영노 | I18: ZXing.Net | J18: Unity에서 컴파일 오류 없이 참조됨 | K18: 46322 | L18: 46322 | M18: 46322 | N18: 46322 | O18: =IF(OR(K18="",L18=""),0,L18-K18+1-COUNTIFS(휴일!$A$2:$A$20,">="&K18,휴일!$A$2:$A$20,"<="&L18)) -> 1 | P18: =IF(OR(M18="",N18=""),0,N18-M18+1-COUNTIFS(휴일!$A$2:$A$20,">="&M18,휴일!$A$2:$A$20,"<="&N18)) -> 1 | Q18: =IF(O18=0,0,MAX(0,MIN(O18,$L$1-K18+1-COUNTIFS(휴일!$A$2:$A$20,">="&K18,휴일!$A$2:$A$20,"<="&$L$1)))) -> 1 | R18: =IF(P18=0,0,MIN(P18,O18)) -> 1 | S18: =IFERROR(Q18/O18,0) -> 1 | T18: =IFERROR(R18/O18,0) -> 1 | U18: =IF(OR(O18=0,R18=0),0,MIN(1,R18/O18)) -> 1 | V18: =U18-S18 -> 0 | W18: =IF(AND(W$5>=$K18,W$5<=$L18,COUNTIF(휴일!$A$2:$A$20,W$5)=0),IF($G18="선택","□","■"),"") -> ■ | X18: =IF(AND(X$5>=$K18,X$5<=$L18,COUNTIF(휴일!$A$2:$A$20,X$5)=0),IF($G18="선택","□","■"),"") | Y18: =IF(AND(Y$5>=$K18,Y$5<=$L18,COUNTIF(휴일!$A$2:$A$20,Y$5)=0),IF($G18="선택","□","■"),"") | Z18: =IF(AND(Z$5>=$K18,Z$5<=$L18,COUNTIF(휴일!$A$2:$A$20,Z$5)=0),IF($G18="선택","□","■"),"") | AA18: =IF(AND(AA$5>=$K18,AA$5<=$L18,COUNTIF(휴일!$A$2:$A$20,AA$5)=0),IF($G18="선택","□","■"),"") | AB18: =IF(AND(AB$5>=$K18,AB$5<=$L18,COUNTIF(휴일!$A$2:$A$20,AB$5)=0),IF($G18="선택","□","■"),"") | AC18: =IF(AND(AC$5>=$K18,AC$5<=$L18,COUNTIF(휴일!$A$2:$A$20,AC$5)=0),IF($G18="선택","□","■"),"") | AD18: =IF(AND(AD$5>=$K18,AD$5<=$L18,COUNTIF(휴일!$A$2:$A$20,AD$5)=0),IF($G18="선택","□","■"),"") | ... AF18: =IF(AND(AF$5>=$K18,AF$5<=$L18,COUNTIF(휴일!$A$2:$A$20,AF$5)=0),IF($G18="선택","□","■"),"")
B20: 2 | C20: 0.2 | D20: 씬 구성 | E20: FR-01 | F20: 물류센터 건물 외벽과 바닥 배치 | G20: 필수 | H20: 이영노 | I20: LogisticsCenter 씬 | J20: 건물 외벽과 바닥이 배치되고 내부에 4개 구역 공간이 확보됨 | K20: 46323 | L20: 46323 | O20: =IF(OR(K20="",L20=""),0,L20-K20+1-COUNTIFS(휴일!$A$2:$A$20,">="&K20,휴일!$A$2:$A$20,"<="&L20)) -> 1 | P20: =IF(OR(M20="",N20=""),0,N20-M20+1-COUNTIFS(휴일!$A$2:$A$20,">="&M20,휴일!$A$2:$A$20,"<="&N20)) -> 0 | Q20: =IF(O20=0,0,MAX(0,MIN(O20,$L$1-K20+1-COUNTIFS(휴일!$A$2:$A$20,">="&K20,휴일!$A$2:$A$20,"<="&$L$1)))) -> 0 | R20: =IF(P20=0,0,MIN(P20,O20)) -> 0 | S20: =IFERROR(Q20/O20,0) -> 0 | T20: =IFERROR(R20/O20,0) -> 0 | U20: =IF(OR(O20=0,R20=0),0,MIN(1,R20/O20)) -> 0 | V20: =U20-S20 -> 0 | W20: =IF(AND(W$5>=$K20,W$5<=$L20,COUNTIF(휴일!$A$2:$A$20,W$5)=0),IF($G20="선택","□","■"),"") | X20: =IF(AND(X$5>=$K20,X$5<=$L20,COUNTIF(휴일!$A$2:$A$20,X$5)=0),IF($G20="선택","□","■"),"") -> ■ | Y20: =IF(AND(Y$5>=$K20,Y$5<=$L20,COUNTIF(휴일!$A$2:$A$20,Y$5)=0),IF($G20="선택","□","■"),"") | Z20: =IF(AND(Z$5>=$K20,Z$5<=$L20,COUNTIF(휴일!$A$2:$A$20,Z$5)=0),IF($G20="선택","□","■"),"") | AA20: =IF(AND(AA$5>=$K20,AA$5<=$L20,COUNTIF(휴일!$A$2:$A$20,AA$5)=0),IF($G20="선택","□","■"),"") | AB20: =IF(AND(AB$5>=$K20,AB$5<=$L20,COUNTIF(휴일!$A$2:$A$20,AB$5)=0),IF($G20="선택","□","■"),"") | AC20: =IF(AND(AC$5>=$K20,AC$5<=$L20,COUNTIF(휴일!$A$2:$A$20,AC$5)=0),IF($G20="선택","□","■"),"") | AD20: =IF(AND(AD$5>=$K20,AD$5<=$L20,COUNTIF(휴일!$A$2:$A$20,AD$5)=0),IF($G20="선택","□","■"),"") | ... AF20: =IF(AND(AF$5>=$K20,AF$5<=$L20,COUNTIF(휴일!$A$2:$A$20,AF$5)=0),IF($G20="선택","□","■"),"")
E21: FR-01 | F21: 투입 구역 배치 | G21: 필수 | H21: 이영노 | I21: 투입 구역 | J21: 투입 구역 경계와 박스 투입 위치가 표시됨 | K21: 46323 | L21: 46323 | O21: =IF(OR(K21="",L21=""),0,L21-K21+1-COUNTIFS(휴일!$A$2:$A$20,">="&K21,휴일!$A$2:$A$20,"<="&L21)) -> 1 | P21: =IF(OR(M21="",N21=""),0,N21-M21+1-COUNTIFS(휴일!$A$2:$A$20,">="&M21,휴일!$A$2:$A$20,"<="&N21)) -> 0 | Q21: =IF(O21=0,0,MAX(0,MIN(O21,$L$1-K21+1-COUNTIFS(휴일!$A$2:$A$20,">="&K21,휴일!$A$2:$A$20,"<="&$L$1)))) -> 0 | R21: =IF(P21=0,0,MIN(P21,O21)) -> 0 | S21: =IFERROR(Q21/O21,0) -> 0 | T21: =IFERROR(R21/O21,0) -> 0 | U21: =IF(OR(O21=0,R21=0),0,MIN(1,R21/O21)) -> 0 | V21: =U21-S21 -> 0 | W21: =IF(AND(W$5>=$K21,W$5<=$L21,COUNTIF(휴일!$A$2:$A$20,W$5)=0),IF($G21="선택","□","■"),"") | X21: =IF(AND(X$5>=$K21,X$5<=$L21,COUNTIF(휴일!$A$2:$A$20,X$5)=0),IF($G21="선택","□","■"),"") -> ■ | Y21: =IF(AND(Y$5>=$K21,Y$5<=$L21,COUNTIF(휴일!$A$2:$A$20,Y$5)=0),IF($G21="선택","□","■"),"") | Z21: =IF(AND(Z$5>=$K21,Z$5<=$L21,COUNTIF(휴일!$A$2:$A$20,Z$5)=0),IF($G21="선택","□","■"),"") | AA21: =IF(AND(AA$5>=$K21,AA$5<=$L21,COUNTIF(휴일!$A$2:$A$20,AA$5)=0),IF($G21="선택","□","■"),"") | AB21: =IF(AND(AB$5>=$K21,AB$5<=$L21,COUNTIF(휴일!$A$2:$A$20,AB$5)=0),IF($G21="선택","□","■"),"") | AC21: =IF(AND(AC$5>=$K21,AC$5<=$L21,COUNTIF(휴일!$A$2:$A$20,AC$5)=0),IF($G21="선택","□","■"),"") | AD21: =IF(AND(AD$5>=$K21,AD$5<=$L21,COUNTIF(휴일!$A$2:$A$20,AD$5)=0),IF($G21="선택","□","■"),"") | ... AF21: =IF(AND(AF$5>=$K21,AF$5<=$L21,COUNTIF(휴일!$A$2:$A$20,AF$5)=0),IF($G21="선택","□","■"),"")
E22: FR-01 | F22: 분류 구역 배치 | G22: 필수 | H22: 이영노 | I22: 분류 구역 | J22: 분류 구역 경계와 바코드 판독 위치가 표시됨 | K22: 46323 | L22: 46323 | O22: =IF(OR(K22="",L22=""),0,L22-K22+1-COUNTIFS(휴일!$A$2:$A$20,">="&K22,휴일!$A$2:$A$20,"<="&L22)) -> 1 | P22: =IF(OR(M22="",N22=""),0,N22-M22+1-COUNTIFS(휴일!$A$2:$A$20,">="&M22,휴일!$A$2:$A$20,"<="&N22)) -> 0 | Q22: =IF(O22=0,0,MAX(0,MIN(O22,$L$1-K22+1-COUNTIFS(휴일!$A$2:$A$20,">="&K22,휴일!$A$2:$A$20,"<="&$L$1)))) -> 0 | R22: =IF(P22=0,0,MIN(P22,O22)) -> 0 | S22: =IFERROR(Q22/O22,0) -> 0 | T22: =IFERROR(R22/O22,0) -> 0 | U22: =IF(OR(O22=0,R22=0),0,MIN(1,R22/O22)) -> 0 | V22: =U22-S22 -> 0 | W22: =IF(AND(W$5>=$K22,W$5<=$L22,COUNTIF(휴일!$A$2:$A$20,W$5)=0),IF($G22="선택","□","■"),"") | X22: =IF(AND(X$5>=$K22,X$5<=$L22,COUNTIF(휴일!$A$2:$A$20,X$5)=0),IF($G22="선택","□","■"),"") -> ■ | Y22: =IF(AND(Y$5>=$K22,Y$5<=$L22,COUNTIF(휴일!$A$2:$A$20,Y$5)=0),IF($G22="선택","□","■"),"") | Z22: =IF(AND(Z$5>=$K22,Z$5<=$L22,COUNTIF(휴일!$A$2:$A$20,Z$5)=0),IF($G22="선택","□","■"),"") | AA22: =IF(AND(AA$5>=$K22,AA$5<=$L22,COUNTIF(휴일!$A$2:$A$20,AA$5)=0),IF($G22="선택","□","■"),"") | AB22: =IF(AND(AB$5>=$K22,AB$5<=$L22,COUNTIF(휴일!$A$2:$A$20,AB$5)=0),IF($G22="선택","□","■"),"") | AC22: =IF(AND(AC$5>=$K22,AC$5<=$L22,COUNTIF(휴일!$A$2:$A$20,AC$5)=0),IF($G22="선택","□","■"),"") | AD22: =IF(AND(AD$5>=$K22,AD$5<=$L22,COUNTIF(휴일!$A$2:$A$20,AD$5)=0),IF($G22="선택","□","■"),"") | ... AF22: =IF(AND(AF$5>=$K22,AF$5<=$L22,COUNTIF(휴일!$A$2:$A$20,AF$5)=0),IF($G22="선택","□","■"),"")
E23: FR-01 | F23: 파레타이징 구역 배치 | G23: 필수 | H23: 이영노 | I23: 파레타이징 구역 | J23: 레인 3개에 대응하는 FR5 셀 3곳의 공간이 확보됨 | K23: 46323 | L23: 46323 | O23: =IF(OR(K23="",L23=""),0,L23-K23+1-COUNTIFS(휴일!$A$2:$A$20,">="&K23,휴일!$A$2:$A$20,"<="&L23)) -> 1 | P23: =IF(OR(M23="",N23=""),0,N23-M23+1-COUNTIFS(휴일!$A$2:$A$20,">="&M23,휴일!$A$2:$A$20,"<="&N23)) -> 0 | Q23: =IF(O23=0,0,MAX(0,MIN(O23,$L$1-K23+1-COUNTIFS(휴일!$A$2:$A$20,">="&K23,휴일!$A$2:$A$20,"<="&$L$1)))) -> 0 | R23: =IF(P23=0,0,MIN(P23,O23)) -> 0 | S23: =IFERROR(Q23/O23,0) -> 0 | T23: =IFERROR(R23/O23,0) -> 0 | U23: =IF(OR(O23=0,R23=0),0,MIN(1,R23/O23)) -> 0 | V23: =U23-S23 -> 0 | W23: =IF(AND(W$5>=$K23,W$5<=$L23,COUNTIF(휴일!$A$2:$A$20,W$5)=0),IF($G23="선택","□","■"),"") | X23: =IF(AND(X$5>=$K23,X$5<=$L23,COUNTIF(휴일!$A$2:$A$20,X$5)=0),IF($G23="선택","□","■"),"") -> ■ | Y23: =IF(AND(Y$5>=$K23,Y$5<=$L23,COUNTIF(휴일!$A$2:$A$20,Y$5)=0),IF($G23="선택","□","■"),"") | Z23: =IF(AND(Z$5>=$K23,Z$5<=$L23,COUNTIF(휴일!$A$2:$A$20,Z$5)=0),IF($G23="선택","□","■"),"") | AA23: =IF(AND(AA$5>=$K23,AA$5<=$L23,COUNTIF(휴일!$A$2:$A$20,AA$5)=0),IF($G23="선택","□","■"),"") | AB23: =IF(AND(AB$5>=$K23,AB$5<=$L23,COUNTIF(휴일!$A$2:$A$20,AB$5)=0),IF($G23="선택","□","■"),"") | AC23: =IF(AND(AC$5>=$K23,AC$5<=$L23,COUNTIF(휴일!$A$2:$A$20,AC$5)=0),IF($G23="선택","□","■"),"") | AD23: =IF(AND(AD$5>=$K23,AD$5<=$L23,COUNTIF(휴일!$A$2:$A$20,AD$5)=0),IF($G23="선택","□","■"),"") | ... AF23: =IF(AND(AF$5>=$K23,AF$5<=$L23,COUNTIF(휴일!$A$2:$A$20,AF$5)=0),IF($G23="선택","□","■"),"")
E24: FR-01 | F24: 출하 도크 구역 배치 | G24: 필수 | H24: 이영노 | I24: 출하 도크 구역 | J24: 도크 3개 위치와 차량 대기 공간이 확보됨 | K24: 46323 | L24: 46323 | O24: =IF(OR(K24="",L24=""),0,L24-K24+1-COUNTIFS(휴일!$A$2:$A$20,">="&K24,휴일!$A$2:$A$20,"<="&L24)) -> 1 | P24: =IF(OR(M24="",N24=""),0,N24-M24+1-COUNTIFS(휴일!$A$2:$A$20,">="&M24,휴일!$A$2:$A$20,"<="&N24)) -> 0 | Q24: =IF(O24=0,0,MAX(0,MIN(O24,$L$1-K24+1-COUNTIFS(휴일!$A$2:$A$20,">="&K24,휴일!$A$2:$A$20,"<="&$L$1)))) -> 0 | R24: =IF(P24=0,0,MIN(P24,O24)) -> 0 | S24: =IFERROR(Q24/O24,0) -> 0 | T24: =IFERROR(R24/O24,0) -> 0 | U24: =IF(OR(O24=0,R24=0),0,MIN(1,R24/O24)) -> 0 | V24: =U24-S24 -> 0 | W24: =IF(AND(W$5>=$K24,W$5<=$L24,COUNTIF(휴일!$A$2:$A$20,W$5)=0),IF($G24="선택","□","■"),"") | X24: =IF(AND(X$5>=$K24,X$5<=$L24,COUNTIF(휴일!$A$2:$A$20,X$5)=0),IF($G24="선택","□","■"),"") -> ■ | Y24: =IF(AND(Y$5>=$K24,Y$5<=$L24,COUNTIF(휴일!$A$2:$A$20,Y$5)=0),IF($G24="선택","□","■"),"") | Z24: =IF(AND(Z$5>=$K24,Z$5<=$L24,COUNTIF(휴일!$A$2:$A$20,Z$5)=0),IF($G24="선택","□","■"),"") | AA24: =IF(AND(AA$5>=$K24,AA$5<=$L24,COUNTIF(휴일!$A$2:$A$20,AA$5)=0),IF($G24="선택","□","■"),"") | AB24: =IF(AND(AB$5>=$K24,AB$5<=$L24,COUNTIF(휴일!$A$2:$A$20,AB$5)=0),IF($G24="선택","□","■"),"") | AC24: =IF(AND(AC$5>=$K24,AC$5<=$L24,COUNTIF(휴일!$A$2:$A$20,AC$5)=0),IF($G24="선택","□","■"),"") | AD24: =IF(AND(AD$5>=$K24,AD$5<=$L24,COUNTIF(휴일!$A$2:$A$20,AD$5)=0),IF($G24="선택","□","■"),"") | ... AF24: =IF(AND(AF$5>=$K24,AF$5<=$L24,COUNTIF(휴일!$A$2:$A$20,AF$5)=0),IF($G24="선택","□","■"),"")
E25: FR-01, FR-05 | F25: 순환 메인 컨베이어 배치 | G25: 필수 | H25: 이영노 | I25: 컨베이어 배치 | J25: 투입 위치에서 시작하는 순환 경로가 끊김 없이 연결됨 | K25: 46323 | L25: 46323 | O25: =IF(OR(K25="",L25=""),0,L25-K25+1-COUNTIFS(휴일!$A$2:$A$20,">="&K25,휴일!$A$2:$A$20,"<="&L25)) -> 1 | P25: =IF(OR(M25="",N25=""),0,N25-M25+1-COUNTIFS(휴일!$A$2:$A$20,">="&M25,휴일!$A$2:$A$20,"<="&N25)) -> 0 | Q25: =IF(O25=0,0,MAX(0,MIN(O25,$L$1-K25+1-COUNTIFS(휴일!$A$2:$A$20,">="&K25,휴일!$A$2:$A$20,"<="&$L$1)))) -> 0 | R25: =IF(P25=0,0,MIN(P25,O25)) -> 0 | S25: =IFERROR(Q25/O25,0) -> 0 | T25: =IFERROR(R25/O25,0) -> 0 | U25: =IF(OR(O25=0,R25=0),0,MIN(1,R25/O25)) -> 0 | V25: =U25-S25 -> 0 | W25: =IF(AND(W$5>=$K25,W$5<=$L25,COUNTIF(휴일!$A$2:$A$20,W$5)=0),IF($G25="선택","□","■"),"") | X25: =IF(AND(X$5>=$K25,X$5<=$L25,COUNTIF(휴일!$A$2:$A$20,X$5)=0),IF($G25="선택","□","■"),"") -> ■ | Y25: =IF(AND(Y$5>=$K25,Y$5<=$L25,COUNTIF(휴일!$A$2:$A$20,Y$5)=0),IF($G25="선택","□","■"),"") | Z25: =IF(AND(Z$5>=$K25,Z$5<=$L25,COUNTIF(휴일!$A$2:$A$20,Z$5)=0),IF($G25="선택","□","■"),"") | AA25: =IF(AND(AA$5>=$K25,AA$5<=$L25,COUNTIF(휴일!$A$2:$A$20,AA$5)=0),IF($G25="선택","□","■"),"") | AB25: =IF(AND(AB$5>=$K25,AB$5<=$L25,COUNTIF(휴일!$A$2:$A$20,AB$5)=0),IF($G25="선택","□","■"),"") | AC25: =IF(AND(AC$5>=$K25,AC$5<=$L25,COUNTIF(휴일!$A$2:$A$20,AC$5)=0),IF($G25="선택","□","■"),"") | AD25: =IF(AND(AD$5>=$K25,AD$5<=$L25,COUNTIF(휴일!$A$2:$A$20,AD$5)=0),IF($G25="선택","□","■"),"") | ... AF25: =IF(AND(AF$5>=$K25,AF$5<=$L25,COUNTIF(휴일!$A$2:$A$20,AF$5)=0),IF($G25="선택","□","■"),"")
E26: FR-01, FR-07 | F26: 레인 분기 장치 3개 배치 | G26: 필수 | H26: 이영노 | I26: 분기 장치 배치 | J26: 메인 컨베이어 위 레인 1~3 분기점에 설치됨 | K26: 46323 | L26: 46323 | O26: =IF(OR(K26="",L26=""),0,L26-K26+1-COUNTIFS(휴일!$A$2:$A$20,">="&K26,휴일!$A$2:$A$20,"<="&L26)) -> 1 | P26: =IF(OR(M26="",N26=""),0,N26-M26+1-COUNTIFS(휴일!$A$2:$A$20,">="&M26,휴일!$A$2:$A$20,"<="&N26)) -> 0 | Q26: =IF(O26=0,0,MAX(0,MIN(O26,$L$1-K26+1-COUNTIFS(휴일!$A$2:$A$20,">="&K26,휴일!$A$2:$A$20,"<="&$L$1)))) -> 0 | R26: =IF(P26=0,0,MIN(P26,O26)) -> 0 | S26: =IFERROR(Q26/O26,0) -> 0 | T26: =IFERROR(R26/O26,0) -> 0 | U26: =IF(OR(O26=0,R26=0),0,MIN(1,R26/O26)) -> 0 | V26: =U26-S26 -> 0 | W26: =IF(AND(W$5>=$K26,W$5<=$L26,COUNTIF(휴일!$A$2:$A$20,W$5)=0),IF($G26="선택","□","■"),"") | X26: =IF(AND(X$5>=$K26,X$5<=$L26,COUNTIF(휴일!$A$2:$A$20,X$5)=0),IF($G26="선택","□","■"),"") -> ■ | Y26: =IF(AND(Y$5>=$K26,Y$5<=$L26,COUNTIF(휴일!$A$2:$A$20,Y$5)=0),IF($G26="선택","□","■"),"") | Z26: =IF(AND(Z$5>=$K26,Z$5<=$L26,COUNTIF(휴일!$A$2:$A$20,Z$5)=0),IF($G26="선택","□","■"),"") | AA26: =IF(AND(AA$5>=$K26,AA$5<=$L26,COUNTIF(휴일!$A$2:$A$20,AA$5)=0),IF($G26="선택","□","■"),"") | AB26: =IF(AND(AB$5>=$K26,AB$5<=$L26,COUNTIF(휴일!$A$2:$A$20,AB$5)=0),IF($G26="선택","□","■"),"") | AC26: =IF(AND(AC$5>=$K26,AC$5<=$L26,COUNTIF(휴일!$A$2:$A$20,AC$5)=0),IF($G26="선택","□","■"),"") | AD26: =IF(AND(AD$5>=$K26,AD$5<=$L26,COUNTIF(휴일!$A$2:$A$20,AD$5)=0),IF($G26="선택","□","■"),"") | ... AF26: =IF(AND(AF$5>=$K26,AF$5<=$L26,COUNTIF(휴일!$A$2:$A$20,AF$5)=0),IF($G26="선택","□","■"),"")
E27: FR-01, FR-08 | F27: 경사 롤러 레인 3개 배치 | G27: 필수 | H27: 이영노 | I27: 레인 배치 | J27: 레인 3개가 분기점에서 픽업 구역까지 연결됨 | K27: 46323 | L27: 46323 | O27: =IF(OR(K27="",L27=""),0,L27-K27+1-COUNTIFS(휴일!$A$2:$A$20,">="&K27,휴일!$A$2:$A$20,"<="&L27)) -> 1 | P27: =IF(OR(M27="",N27=""),0,N27-M27+1-COUNTIFS(휴일!$A$2:$A$20,">="&M27,휴일!$A$2:$A$20,"<="&N27)) -> 0 | Q27: =IF(O27=0,0,MAX(0,MIN(O27,$L$1-K27+1-COUNTIFS(휴일!$A$2:$A$20,">="&K27,휴일!$A$2:$A$20,"<="&$L$1)))) -> 0 | R27: =IF(P27=0,0,MIN(P27,O27)) -> 0 | S27: =IFERROR(Q27/O27,0) -> 0 | T27: =IFERROR(R27/O27,0) -> 0 | U27: =IF(OR(O27=0,R27=0),0,MIN(1,R27/O27)) -> 0 | V27: =U27-S27 -> 0 | W27: =IF(AND(W$5>=$K27,W$5<=$L27,COUNTIF(휴일!$A$2:$A$20,W$5)=0),IF($G27="선택","□","■"),"") | X27: =IF(AND(X$5>=$K27,X$5<=$L27,COUNTIF(휴일!$A$2:$A$20,X$5)=0),IF($G27="선택","□","■"),"") -> ■ | Y27: =IF(AND(Y$5>=$K27,Y$5<=$L27,COUNTIF(휴일!$A$2:$A$20,Y$5)=0),IF($G27="선택","□","■"),"") | Z27: =IF(AND(Z$5>=$K27,Z$5<=$L27,COUNTIF(휴일!$A$2:$A$20,Z$5)=0),IF($G27="선택","□","■"),"") | AA27: =IF(AND(AA$5>=$K27,AA$5<=$L27,COUNTIF(휴일!$A$2:$A$20,AA$5)=0),IF($G27="선택","□","■"),"") | AB27: =IF(AND(AB$5>=$K27,AB$5<=$L27,COUNTIF(휴일!$A$2:$A$20,AB$5)=0),IF($G27="선택","□","■"),"") | AC27: =IF(AND(AC$5>=$K27,AC$5<=$L27,COUNTIF(휴일!$A$2:$A$20,AC$5)=0),IF($G27="선택","□","■"),"") | AD27: =IF(AND(AD$5>=$K27,AD$5<=$L27,COUNTIF(휴일!$A$2:$A$20,AD$5)=0),IF($G27="선택","□","■"),"") | ... AF27: =IF(AND(AF$5>=$K27,AF$5<=$L27,COUNTIF(휴일!$A$2:$A$20,AF$5)=0),IF($G27="선택","□","■"),"")
E28: FR-01, FR-19 | F28: 레인별 중간 대기 스토퍼 배치 | G28: 필수 | H28: 이영노 | I28: 중간 스토퍼 배치 | J28: 레인마다 픽업 구역 앞에 1개 설치됨 | K28: 46324 | L28: 46324 | O28: =IF(OR(K28="",L28=""),0,L28-K28+1-COUNTIFS(휴일!$A$2:$A$20,">="&K28,휴일!$A$2:$A$20,"<="&L28)) -> 1 | P28: =IF(OR(M28="",N28=""),0,N28-M28+1-COUNTIFS(휴일!$A$2:$A$20,">="&M28,휴일!$A$2:$A$20,"<="&N28)) -> 0 | Q28: =IF(O28=0,0,MAX(0,MIN(O28,$L$1-K28+1-COUNTIFS(휴일!$A$2:$A$20,">="&K28,휴일!$A$2:$A$20,"<="&$L$1)))) -> 0 | R28: =IF(P28=0,0,MIN(P28,O28)) -> 0 | S28: =IFERROR(Q28/O28,0) -> 0 | T28: =IFERROR(R28/O28,0) -> 0 | U28: =IF(OR(O28=0,R28=0),0,MIN(1,R28/O28)) -> 0 | V28: =U28-S28 -> 0 | W28: =IF(AND(W$5>=$K28,W$5<=$L28,COUNTIF(휴일!$A$2:$A$20,W$5)=0),IF($G28="선택","□","■"),"") | X28: =IF(AND(X$5>=$K28,X$5<=$L28,COUNTIF(휴일!$A$2:$A$20,X$5)=0),IF($G28="선택","□","■"),"") | Y28: =IF(AND(Y$5>=$K28,Y$5<=$L28,COUNTIF(휴일!$A$2:$A$20,Y$5)=0),IF($G28="선택","□","■"),"") -> ■ | Z28: =IF(AND(Z$5>=$K28,Z$5<=$L28,COUNTIF(휴일!$A$2:$A$20,Z$5)=0),IF($G28="선택","□","■"),"") | AA28: =IF(AND(AA$5>=$K28,AA$5<=$L28,COUNTIF(휴일!$A$2:$A$20,AA$5)=0),IF($G28="선택","□","■"),"") | AB28: =IF(AND(AB$5>=$K28,AB$5<=$L28,COUNTIF(휴일!$A$2:$A$20,AB$5)=0),IF($G28="선택","□","■"),"") | AC28: =IF(AND(AC$5>=$K28,AC$5<=$L28,COUNTIF(휴일!$A$2:$A$20,AC$5)=0),IF($G28="선택","□","■"),"") | AD28: =IF(AND(AD$5>=$K28,AD$5<=$L28,COUNTIF(휴일!$A$2:$A$20,AD$5)=0),IF($G28="선택","□","■"),"") | ... AF28: =IF(AND(AF$5>=$K28,AF$5<=$L28,COUNTIF(휴일!$A$2:$A$20,AF$5)=0),IF($G28="선택","□","■"),"")
E29: FR-01, FR-22 | F29: 레인별 픽업 끝 스토퍼 배치 | G29: 필수 | H29: 이영노 | I29: 끝 스토퍼 배치 | J29: 레인마다 픽업 구역 끝에 중간 스토퍼와 별도로 설치됨 | K29: 46324 | L29: 46324 | O29: =IF(OR(K29="",L29=""),0,L29-K29+1-COUNTIFS(휴일!$A$2:$A$20,">="&K29,휴일!$A$2:$A$20,"<="&L29)) -> 1 | P29: =IF(OR(M29="",N29=""),0,N29-M29+1-COUNTIFS(휴일!$A$2:$A$20,">="&M29,휴일!$A$2:$A$20,"<="&N29)) -> 0 | Q29: =IF(O29=0,0,MAX(0,MIN(O29,$L$1-K29+1-COUNTIFS(휴일!$A$2:$A$20,">="&K29,휴일!$A$2:$A$20,"<="&$L$1)))) -> 0 | R29: =IF(P29=0,0,MIN(P29,O29)) -> 0 | S29: =IFERROR(Q29/O29,0) -> 0 | T29: =IFERROR(R29/O29,0) -> 0 | U29: =IF(OR(O29=0,R29=0),0,MIN(1,R29/O29)) -> 0 | V29: =U29-S29 -> 0 | W29: =IF(AND(W$5>=$K29,W$5<=$L29,COUNTIF(휴일!$A$2:$A$20,W$5)=0),IF($G29="선택","□","■"),"") | X29: =IF(AND(X$5>=$K29,X$5<=$L29,COUNTIF(휴일!$A$2:$A$20,X$5)=0),IF($G29="선택","□","■"),"") | Y29: =IF(AND(Y$5>=$K29,Y$5<=$L29,COUNTIF(휴일!$A$2:$A$20,Y$5)=0),IF($G29="선택","□","■"),"") -> ■ | Z29: =IF(AND(Z$5>=$K29,Z$5<=$L29,COUNTIF(휴일!$A$2:$A$20,Z$5)=0),IF($G29="선택","□","■"),"") | AA29: =IF(AND(AA$5>=$K29,AA$5<=$L29,COUNTIF(휴일!$A$2:$A$20,AA$5)=0),IF($G29="선택","□","■"),"") | AB29: =IF(AND(AB$5>=$K29,AB$5<=$L29,COUNTIF(휴일!$A$2:$A$20,AB$5)=0),IF($G29="선택","□","■"),"") | AC29: =IF(AND(AC$5>=$K29,AC$5<=$L29,COUNTIF(휴일!$A$2:$A$20,AC$5)=0),IF($G29="선택","□","■"),"") | AD29: =IF(AND(AD$5>=$K29,AD$5<=$L29,COUNTIF(휴일!$A$2:$A$20,AD$5)=0),IF($G29="선택","□","■"),"") | ... AF29: =IF(AND(AF$5>=$K29,AF$5<=$L29,COUNTIF(휴일!$A$2:$A$20,AF$5)=0),IF($G29="선택","□","■"),"")
E30: FR-01, FR-22 | F30: 레인별 측면 가이드 배치 | G30: 필수 | H30: 이영노 | I30: 측면 가이드 배치 | J30: 픽업 구역 양쪽에 박스 폭 280mm 기준으로 설치됨 | K30: 46324 | L30: 46324 | O30: =IF(OR(K30="",L30=""),0,L30-K30+1-COUNTIFS(휴일!$A$2:$A$20,">="&K30,휴일!$A$2:$A$20,"<="&L30)) -> 1 | P30: =IF(OR(M30="",N30=""),0,N30-M30+1-COUNTIFS(휴일!$A$2:$A$20,">="&M30,휴일!$A$2:$A$20,"<="&N30)) -> 0 | Q30: =IF(O30=0,0,MAX(0,MIN(O30,$L$1-K30+1-COUNTIFS(휴일!$A$2:$A$20,">="&K30,휴일!$A$2:$A$20,"<="&$L$1)))) -> 0 | R30: =IF(P30=0,0,MIN(P30,O30)) -> 0 | S30: =IFERROR(Q30/O30,0) -> 0 | T30: =IFERROR(R30/O30,0) -> 0 | U30: =IF(OR(O30=0,R30=0),0,MIN(1,R30/O30)) -> 0 | V30: =U30-S30 -> 0 | W30: =IF(AND(W$5>=$K30,W$5<=$L30,COUNTIF(휴일!$A$2:$A$20,W$5)=0),IF($G30="선택","□","■"),"") | X30: =IF(AND(X$5>=$K30,X$5<=$L30,COUNTIF(휴일!$A$2:$A$20,X$5)=0),IF($G30="선택","□","■"),"") | Y30: =IF(AND(Y$5>=$K30,Y$5<=$L30,COUNTIF(휴일!$A$2:$A$20,Y$5)=0),IF($G30="선택","□","■"),"") -> ■ | Z30: =IF(AND(Z$5>=$K30,Z$5<=$L30,COUNTIF(휴일!$A$2:$A$20,Z$5)=0),IF($G30="선택","□","■"),"") | AA30: =IF(AND(AA$5>=$K30,AA$5<=$L30,COUNTIF(휴일!$A$2:$A$20,AA$5)=0),IF($G30="선택","□","■"),"") | AB30: =IF(AND(AB$5>=$K30,AB$5<=$L30,COUNTIF(휴일!$A$2:$A$20,AB$5)=0),IF($G30="선택","□","■"),"") | AC30: =IF(AND(AC$5>=$K30,AC$5<=$L30,COUNTIF(휴일!$A$2:$A$20,AC$5)=0),IF($G30="선택","□","■"),"") | AD30: =IF(AND(AD$5>=$K30,AD$5<=$L30,COUNTIF(휴일!$A$2:$A$20,AD$5)=0),IF($G30="선택","□","■"),"") | ... AF30: =IF(AND(AF$5>=$K30,AF$5<=$L30,COUNTIF(휴일!$A$2:$A$20,AF$5)=0),IF($G30="선택","□","■"),"")
E31: FR-01, FR-10 | F31: 레인별 FR5 3대 배치 | G31: 필수 | H31: 이영노 | I31: FR5 배치 | J31: 베이스 높이 950mm로 레인마다 1대 설치됨 | K31: 46324 | L31: 46324 | O31: =IF(OR(K31="",L31=""),0,L31-K31+1-COUNTIFS(휴일!$A$2:$A$20,">="&K31,휴일!$A$2:$A$20,"<="&L31)) -> 1 | P31: =IF(OR(M31="",N31=""),0,N31-M31+1-COUNTIFS(휴일!$A$2:$A$20,">="&M31,휴일!$A$2:$A$20,"<="&N31)) -> 0 | Q31: =IF(O31=0,0,MAX(0,MIN(O31,$L$1-K31+1-COUNTIFS(휴일!$A$2:$A$20,">="&K31,휴일!$A$2:$A$20,"<="&$L$1)))) -> 0 | R31: =IF(P31=0,0,MIN(P31,O31)) -> 0 | S31: =IFERROR(Q31/O31,0) -> 0 | T31: =IFERROR(R31/O31,0) -> 0 | U31: =IF(OR(O31=0,R31=0),0,MIN(1,R31/O31)) -> 0 | V31: =U31-S31 -> 0 | W31: =IF(AND(W$5>=$K31,W$5<=$L31,COUNTIF(휴일!$A$2:$A$20,W$5)=0),IF($G31="선택","□","■"),"") | X31: =IF(AND(X$5>=$K31,X$5<=$L31,COUNTIF(휴일!$A$2:$A$20,X$5)=0),IF($G31="선택","□","■"),"") | Y31: =IF(AND(Y$5>=$K31,Y$5<=$L31,COUNTIF(휴일!$A$2:$A$20,Y$5)=0),IF($G31="선택","□","■"),"") -> ■ | Z31: =IF(AND(Z$5>=$K31,Z$5<=$L31,COUNTIF(휴일!$A$2:$A$20,Z$5)=0),IF($G31="선택","□","■"),"") | AA31: =IF(AND(AA$5>=$K31,AA$5<=$L31,COUNTIF(휴일!$A$2:$A$20,AA$5)=0),IF($G31="선택","□","■"),"") | AB31: =IF(AND(AB$5>=$K31,AB$5<=$L31,COUNTIF(휴일!$A$2:$A$20,AB$5)=0),IF($G31="선택","□","■"),"") | AC31: =IF(AND(AC$5>=$K31,AC$5<=$L31,COUNTIF(휴일!$A$2:$A$20,AC$5)=0),IF($G31="선택","□","■"),"") | AD31: =IF(AND(AD$5>=$K31,AD$5<=$L31,COUNTIF(휴일!$A$2:$A$20,AD$5)=0),IF($G31="선택","□","■"),"") | ... AF31: =IF(AND(AF$5>=$K31,AF$5<=$L31,COUNTIF(휴일!$A$2:$A$20,AF$5)=0),IF($G31="선택","□","■"),"")
E32: FR-01, FR-10 | F32: 레인별 파레트 작업 위치 3곳 배치 | G32: 필수 | H32: 이영노 | I32: 파레트 위치 | J32: 로봇 축에서 파레트 가까운 변까지 150mm로 배치 | K32: 46324 | L32: 46324 | O32: =IF(OR(K32="",L32=""),0,L32-K32+1-COUNTIFS(휴일!$A$2:$A$20,">="&K32,휴일!$A$2:$A$20,"<="&L32)) -> 1 | P32: =IF(OR(M32="",N32=""),0,N32-M32+1-COUNTIFS(휴일!$A$2:$A$20,">="&M32,휴일!$A$2:$A$20,"<="&N32)) -> 0 | Q32: =IF(O32=0,0,MAX(0,MIN(O32,$L$1-K32+1-COUNTIFS(휴일!$A$2:$A$20,">="&K32,휴일!$A$2:$A$20,"<="&$L$1)))) -> 0 | R32: =IF(P32=0,0,MIN(P32,O32)) -> 0 | S32: =IFERROR(Q32/O32,0) -> 0 | T32: =IFERROR(R32/O32,0) -> 0 | U32: =IF(OR(O32=0,R32=0),0,MIN(1,R32/O32)) -> 0 | V32: =U32-S32 -> 0 | W32: =IF(AND(W$5>=$K32,W$5<=$L32,COUNTIF(휴일!$A$2:$A$20,W$5)=0),IF($G32="선택","□","■"),"") | X32: =IF(AND(X$5>=$K32,X$5<=$L32,COUNTIF(휴일!$A$2:$A$20,X$5)=0),IF($G32="선택","□","■"),"") | Y32: =IF(AND(Y$5>=$K32,Y$5<=$L32,COUNTIF(휴일!$A$2:$A$20,Y$5)=0),IF($G32="선택","□","■"),"") -> ■ | Z32: =IF(AND(Z$5>=$K32,Z$5<=$L32,COUNTIF(휴일!$A$2:$A$20,Z$5)=0),IF($G32="선택","□","■"),"") | AA32: =IF(AND(AA$5>=$K32,AA$5<=$L32,COUNTIF(휴일!$A$2:$A$20,AA$5)=0),IF($G32="선택","□","■"),"") | AB32: =IF(AND(AB$5>=$K32,AB$5<=$L32,COUNTIF(휴일!$A$2:$A$20,AB$5)=0),IF($G32="선택","□","■"),"") | AC32: =IF(AND(AC$5>=$K32,AC$5<=$L32,COUNTIF(휴일!$A$2:$A$20,AC$5)=0),IF($G32="선택","□","■"),"") | AD32: =IF(AND(AD$5>=$K32,AD$5<=$L32,COUNTIF(휴일!$A$2:$A$20,AD$5)=0),IF($G32="선택","□","■"),"") | ... AF32: =IF(AND(AF$5>=$K32,AF$5<=$L32,COUNTIF(휴일!$A$2:$A$20,AF$5)=0),IF($G32="선택","□","■"),"")
... E40: FR-01 | F40: 씬 구성 검사 | G40: 필수 | H40: 이영노 | I40: TC-01 결과 | J40: TC-01 통과: 4개 구역과 구역별 설비 배치 확인 | K40: 46324 | L40: 46324 | O40: =IF(OR(K40="",L40=""),0,L40-K40+1-COUNTIFS(휴일!$A$2:$A$20,">="&K40,휴일!$A$2:$A$20,"<="&L40)) -> 1 | P40: =IF(OR(M40="",N40=""),0,N40-M40+1-COUNTIFS(휴일!$A$2:$A$20,">="&M40,휴일!$A$2:$A$20,"<="&N40)) -> 0 | Q40: =IF(O40=0,0,MAX(0,MIN(O40,$L$1-K40+1-COUNTIFS(휴일!$A$2:$A$20,">="&K40,휴일!$A$2:$A$20,"<="&$L$1)))) -> 0 | R40: =IF(P40=0,0,MIN(P40,O40)) -> 0 | S40: =IFERROR(Q40/O40,0) -> 0 | T40: =IFERROR(R40/O40,0) -> 0 | U40: =IF(OR(O40=0,R40=0),0,MIN(1,R40/O40)) -> 0 | V40: =U40-S40 -> 0 | W40: =IF(AND(W$5>=$K40,W$5<=$L40,COUNTIF(휴일!$A$2:$A$20,W$5)=0),IF($G40="선택","□","■"),"") | X40: =IF(AND(X$5>=$K40,X$5<=$L40,COUNTIF(휴일!$A$2:$A$20,X$5)=0),IF($G40="선택","□","■"),"") | Y40: =IF(AND(Y$5>=$K40,Y$5<=$L40,COUNTIF(휴일!$A$2:$A$20,Y$5)=0),IF($G40="선택","□","■"),"") -> ■ | Z40: =IF(AND(Z$5>=$K40,Z$5<=$L40,COUNTIF(휴일!$A$2:$A$20,Z$5)=0),IF($G40="선택","□","■"),"") | AA40: =IF(AND(AA$5>=$K40,AA$5<=$L40,COUNTIF(휴일!$A$2:$A$20,AA$5)=0),IF($G40="선택","□","■"),"") | AB40: =IF(AND(AB$5>=$K40,AB$5<=$L40,COUNTIF(휴일!$A$2:$A$20,AB$5)=0),IF($G40="선택","□","■"),"") | AC40: =IF(AND(AC$5>=$K40,AC$5<=$L40,COUNTIF(휴일!$A$2:$A$20,AC$5)=0),IF($G40="선택","□","■"),"") | AD40: =IF(AND(AD$5>=$K40,AD$5<=$L40,COUNTIF(휴일!$A$2:$A$20,AD$5)=0),IF($G40="선택","□","■"),"") | ... AF40: =IF(AND(AF$5>=$K40,AF$5<=$L40,COUNTIF(휴일!$A$2:$A$20,AF$5)=0),IF($G40="선택","□","■"),"")
B42: 3 | C42: 0.3 | D42: 공정 구현 | E42: FR-03 | F42: 박스 생성기 구현 | G42: 필수 | H42: 이영노 | I42: BoxSpawner | J42: TC-03 통과: 360×280×340mm, 2kg 박스 생성 | K42: 46325 | L42: 46325 | O42: =IF(OR(K42="",L42=""),0,L42-K42+1-COUNTIFS(휴일!$A$2:$A$20,">="&K42,휴일!$A$2:$A$20,"<="&L42)) -> 1 | P42: =IF(OR(M42="",N42=""),0,N42-M42+1-COUNTIFS(휴일!$A$2:$A$20,">="&M42,휴일!$A$2:$A$20,"<="&N42)) -> 0 | Q42: =IF(O42=0,0,MAX(0,MIN(O42,$L$1-K42+1-COUNTIFS(휴일!$A$2:$A$20,">="&K42,휴일!$A$2:$A$20,"<="&$L$1)))) -> 0 | R42: =IF(P42=0,0,MIN(P42,O42)) -> 0 | S42: =IFERROR(Q42/O42,0) -> 0 | T42: =IFERROR(R42/O42,0) -> 0 | U42: =IF(OR(O42=0,R42=0),0,MIN(1,R42/O42)) -> 0 | V42: =U42-S42 -> 0 | W42: =IF(AND(W$5>=$K42,W$5<=$L42,COUNTIF(휴일!$A$2:$A$20,W$5)=0),IF($G42="선택","□","■"),"") | X42: =IF(AND(X$5>=$K42,X$5<=$L42,COUNTIF(휴일!$A$2:$A$20,X$5)=0),IF($G42="선택","□","■"),"") | Y42: =IF(AND(Y$5>=$K42,Y$5<=$L42,COUNTIF(휴일!$A$2:$A$20,Y$5)=0),IF($G42="선택","□","■"),"") | Z42: =IF(AND(Z$5>=$K42,Z$5<=$L42,COUNTIF(휴일!$A$2:$A$20,Z$5)=0),IF($G42="선택","□","■"),"") -> ■ | AA42: =IF(AND(AA$5>=$K42,AA$5<=$L42,COUNTIF(휴일!$A$2:$A$20,AA$5)=0),IF($G42="선택","□","■"),"") | AB42: =IF(AND(AB$5>=$K42,AB$5<=$L42,COUNTIF(휴일!$A$2:$A$20,AB$5)=0),IF($G42="선택","□","■"),"") | AC42: =IF(AND(AC$5>=$K42,AC$5<=$L42,COUNTIF(휴일!$A$2:$A$20,AC$5)=0),IF($G42="선택","□","■"),"") | AD42: =IF(AND(AD$5>=$K42,AD$5<=$L42,COUNTIF(휴일!$A$2:$A$20,AD$5)=0),IF($G42="선택","□","■"),"") | ... AF42: =IF(AND(AF$5>=$K42,AF$5<=$L42,COUNTIF(휴일!$A$2:$A$20,AF$5)=0),IF($G42="선택","□","■"),"")
E43: FR-04 | F43: 투입 간격 측정과 값 확정 | G43: 필수 | H43: 이영노 | I43: 투입 간격 값 | J43: TC-04 통과: 측정 후 정한 간격으로 생성. 간격 값 기록 | K43: 46325 | L43: 46325 | O43: =IF(OR(K43="",L43=""),0,L43-K43+1-COUNTIFS(휴일!$A$2:$A$20,">="&K43,휴일!$A$2:$A$20,"<="&L43)) -> 1 | P43: =IF(OR(M43="",N43=""),0,N43-M43+1-COUNTIFS(휴일!$A$2:$A$20,">="&M43,휴일!$A$2:$A$20,"<="&N43)) -> 0 | Q43: =IF(O43=0,0,MAX(0,MIN(O43,$L$1-K43+1-COUNTIFS(휴일!$A$2:$A$20,">="&K43,휴일!$A$2:$A$20,"<="&$L$1)))) -> 0 | R43: =IF(P43=0,0,MIN(P43,O43)) -> 0 | S43: =IFERROR(Q43/O43,0) -> 0 | T43: =IFERROR(R43/O43,0) -> 0 | U43: =IF(OR(O43=0,R43=0),0,MIN(1,R43/O43)) -> 0 | V43: =U43-S43 -> 0 | W43: =IF(AND(W$5>=$K43,W$5<=$L43,COUNTIF(휴일!$A$2:$A$20,W$5)=0),IF($G43="선택","□","■"),"") | X43: =IF(AND(X$5>=$K43,X$5<=$L43,COUNTIF(휴일!$A$2:$A$20,X$5)=0),IF($G43="선택","□","■"),"") | Y43: =IF(AND(Y$5>=$K43,Y$5<=$L43,COUNTIF(휴일!$A$2:$A$20,Y$5)=0),IF($G43="선택","□","■"),"") | Z43: =IF(AND(Z$5>=$K43,Z$5<=$L43,COUNTIF(휴일!$A$2:$A$20,Z$5)=0),IF($G43="선택","□","■"),"") -> ■ | AA43: =IF(AND(AA$5>=$K43,AA$5<=$L43,COUNTIF(휴일!$A$2:$A$20,AA$5)=0),IF($G43="선택","□","■"),"") | AB43: =IF(AND(AB$5>=$K43,AB$5<=$L43,COUNTIF(휴일!$A$2:$A$20,AB$5)=0),IF($G43="선택","□","■"),"") | AC43: =IF(AND(AC$5>=$K43,AC$5<=$L43,COUNTIF(휴일!$A$2:$A$20,AC$5)=0),IF($G43="선택","□","■"),"") | AD43: =IF(AND(AD$5>=$K43,AD$5<=$L43,COUNTIF(휴일!$A$2:$A$20,AD$5)=0),IF($G43="선택","□","■"),"") | ... AF43: =IF(AND(AF$5>=$K43,AF$5<=$L43,COUNTIF(휴일!$A$2:$A$20,AF$5)=0),IF($G43="선택","□","■"),"")
E44: FR-05 | F44: 순환 메인 컨베이어 상시 구동 | G44: 필수 | H44: 이영노 | I44: MainConveyor | J44: TC-05 통과: 분기하지 못한 박스가 메인에서 계속 순환 | K44: 46325 | L44: 46325 | O44: =IF(OR(K44="",L44=""),0,L44-K44+1-COUNTIFS(휴일!$A$2:$A$20,">="&K44,휴일!$A$2:$A$20,"<="&L44)) -> 1 | P44: =IF(OR(M44="",N44=""),0,N44-M44+1-COUNTIFS(휴일!$A$2:$A$20,">="&M44,휴일!$A$2:$A$20,"<="&N44)) -> 0 | Q44: =IF(O44=0,0,MAX(0,MIN(O44,$L$1-K44+1-COUNTIFS(휴일!$A$2:$A$20,">="&K44,휴일!$A$2:$A$20,"<="&$L$1)))) -> 0 | R44: =IF(P44=0,0,MIN(P44,O44)) -> 0 | S44: =IFERROR(Q44/O44,0) -> 0 | T44: =IFERROR(R44/O44,0) -> 0 | U44: =IF(OR(O44=0,R44=0),0,MIN(1,R44/O44)) -> 0 | V44: =U44-S44 -> 0 | W44: =IF(AND(W$5>=$K44,W$5<=$L44,COUNTIF(휴일!$A$2:$A$20,W$5)=0),IF($G44="선택","□","■"),"") | X44: =IF(AND(X$5>=$K44,X$5<=$L44,COUNTIF(휴일!$A$2:$A$20,X$5)=0),IF($G44="선택","□","■"),"") | Y44: =IF(AND(Y$5>=$K44,Y$5<=$L44,COUNTIF(휴일!$A$2:$A$20,Y$5)=0),IF($G44="선택","□","■"),"") | Z44: =IF(AND(Z$5>=$K44,Z$5<=$L44,COUNTIF(휴일!$A$2:$A$20,Z$5)=0),IF($G44="선택","□","■"),"") -> ■ | AA44: =IF(AND(AA$5>=$K44,AA$5<=$L44,COUNTIF(휴일!$A$2:$A$20,AA$5)=0),IF($G44="선택","□","■"),"") | AB44: =IF(AND(AB$5>=$K44,AB$5<=$L44,COUNTIF(휴일!$A$2:$A$20,AB$5)=0),IF($G44="선택","□","■"),"") | AC44: =IF(AND(AC$5>=$K44,AC$5<=$L44,COUNTIF(휴일!$A$2:$A$20,AC$5)=0),IF($G44="선택","□","■"),"") | AD44: =IF(AND(AD$5>=$K44,AD$5<=$L44,COUNTIF(휴일!$A$2:$A$20,AD$5)=0),IF($G44="선택","□","■"),"") | ... AF44: =IF(AND(AF$5>=$K44,AF$5<=$L44,COUNTIF(휴일!$A$2:$A$20,AF$5)=0),IF($G44="선택","□","■"),"")
E45: FR-06, NFR-03 | F45: 바코드 이미지 판독 구현 | G45: 필수 | H45: 이영노 | I45: BarcodeReader | J45: TC-06 통과: L01, L02, L03 라벨에서 같은 문자열 판독. 미판독 처리는 MVP 제외 | K45: 46325 | L45: 46325 | O45: =IF(OR(K45="",L45=""),0,L45-K45+1-COUNTIFS(휴일!$A$2:$A$20,">="&K45,휴일!$A$2:$A$20,"<="&L45)) -> 1 | P45: =IF(OR(M45="",N45=""),0,N45-M45+1-COUNTIFS(휴일!$A$2:$A$20,">="&M45,휴일!$A$2:$A$20,"<="&N45)) -> 0 | Q45: =IF(O45=0,0,MAX(0,MIN(O45,$L$1-K45+1-COUNTIFS(휴일!$A$2:$A$20,">="&K45,휴일!$A$2:$A$20,"<="&$L$1)))) -> 0 | R45: =IF(P45=0,0,MIN(P45,O45)) -> 0 | S45: =IFERROR(Q45/O45,0) -> 0 | T45: =IFERROR(R45/O45,0) -> 0 | U45: =IF(OR(O45=0,R45=0),0,MIN(1,R45/O45)) -> 0 | V45: =U45-S45 -> 0 | W45: =IF(AND(W$5>=$K45,W$5<=$L45,COUNTIF(휴일!$A$2:$A$20,W$5)=0),IF($G45="선택","□","■"),"") | X45: =IF(AND(X$5>=$K45,X$5<=$L45,COUNTIF(휴일!$A$2:$A$20,X$5)=0),IF($G45="선택","□","■"),"") | Y45: =IF(AND(Y$5>=$K45,Y$5<=$L45,COUNTIF(휴일!$A$2:$A$20,Y$5)=0),IF($G45="선택","□","■"),"") | Z45: =IF(AND(Z$5>=$K45,Z$5<=$L45,COUNTIF(휴일!$A$2:$A$20,Z$5)=0),IF($G45="선택","□","■"),"") -> ■ | AA45: =IF(AND(AA$5>=$K45,AA$5<=$L45,COUNTIF(휴일!$A$2:$A$20,AA$5)=0),IF($G45="선택","□","■"),"") | AB45: =IF(AND(AB$5>=$K45,AB$5<=$L45,COUNTIF(휴일!$A$2:$A$20,AB$5)=0),IF($G45="선택","□","■"),"") | AC45: =IF(AND(AC$5>=$K45,AC$5<=$L45,COUNTIF(휴일!$A$2:$A$20,AC$5)=0),IF($G45="선택","□","■"),"") | AD45: =IF(AND(AD$5>=$K45,AD$5<=$L45,COUNTIF(휴일!$A$2:$A$20,AD$5)=0),IF($G45="선택","□","■"),"") | ... AF45: =IF(AND(AF$5>=$K45,AF$5<=$L45,COUNTIF(휴일!$A$2:$A$20,AF$5)=0),IF($G45="선택","□","■"),"")
E46: FR-07 | F46: 판독 결과에 따른 3개 레인 분기 | G46: 필수 | H46: 이영노 | I46: LaneDiverter | J46: TC-07 통과: L01, L02, L03 박스가 1, 2, 3번 레인으로 분기 | K46: 46325 | L46: 46325 | O46: =IF(OR(K46="",L46=""),0,L46-K46+1-COUNTIFS(휴일!$A$2:$A$20,">="&K46,휴일!$A$2:$A$20,"<="&L46)) -> 1 | P46: =IF(OR(M46="",N46=""),0,N46-M46+1-COUNTIFS(휴일!$A$2:$A$20,">="&M46,휴일!$A$2:$A$20,"<="&N46)) -> 0 | Q46: =IF(O46=0,0,MAX(0,MIN(O46,$L$1-K46+1-COUNTIFS(휴일!$A$2:$A$20,">="&K46,휴일!$A$2:$A$20,"<="&$L$1)))) -> 0 | R46: =IF(P46=0,0,MIN(P46,O46)) -> 0 | S46: =IFERROR(Q46/O46,0) -> 0 | T46: =IFERROR(R46/O46,0) -> 0 | U46: =IF(OR(O46=0,R46=0),0,MIN(1,R46/O46)) -> 0 | V46: =U46-S46 -> 0 | W46: =IF(AND(W$5>=$K46,W$5<=$L46,COUNTIF(휴일!$A$2:$A$20,W$5)=0),IF($G46="선택","□","■"),"") | X46: =IF(AND(X$5>=$K46,X$5<=$L46,COUNTIF(휴일!$A$2:$A$20,X$5)=0),IF($G46="선택","□","■"),"") | Y46: =IF(AND(Y$5>=$K46,Y$5<=$L46,COUNTIF(휴일!$A$2:$A$20,Y$5)=0),IF($G46="선택","□","■"),"") | Z46: =IF(AND(Z$5>=$K46,Z$5<=$L46,COUNTIF(휴일!$A$2:$A$20,Z$5)=0),IF($G46="선택","□","■"),"") -> ■ | AA46: =IF(AND(AA$5>=$K46,AA$5<=$L46,COUNTIF(휴일!$A$2:$A$20,AA$5)=0),IF($G46="선택","□","■"),"") | AB46: =IF(AND(AB$5>=$K46,AB$5<=$L46,COUNTIF(휴일!$A$2:$A$20,AB$5)=0),IF($G46="선택","□","■"),"") | AC46: =IF(AND(AC$5>=$K46,AC$5<=$L46,COUNTIF(휴일!$A$2:$A$20,AC$5)=0),IF($G46="선택","□","■"),"") | AD46: =IF(AND(AD$5>=$K46,AD$5<=$L46,COUNTIF(휴일!$A$2:$A$20,AD$5)=0),IF($G46="선택","□","■"),"") | ... AF46: =IF(AND(AF$5>=$K46,AF$5<=$L46,COUNTIF(휴일!$A$2:$A$20,AF$5)=0),IF($G46="선택","□","■"),"")
E47: FR-08 | F47: 무동력 경사 롤러 이송 | G47: 필수 | H47: 이영노 | I47: GravityRoller | J47: TC-08 통과: 구동 벨트 힘 없이 픽업 구역에 도착 | K47: 46325 | L47: 46325 | O47: =IF(OR(K47="",L47=""),0,L47-K47+1-COUNTIFS(휴일!$A$2:$A$20,">="&K47,휴일!$A$2:$A$20,"<="&L47)) -> 1 | P47: =IF(OR(M47="",N47=""),0,N47-M47+1-COUNTIFS(휴일!$A$2:$A$20,">="&M47,휴일!$A$2:$A$20,"<="&N47)) -> 0 | Q47: =IF(O47=0,0,MAX(0,MIN(O47,$L$1-K47+1-COUNTIFS(휴일!$A$2:$A$20,">="&K47,휴일!$A$2:$A$20,"<="&$L$1)))) -> 0 | R47: =IF(P47=0,0,MIN(P47,O47)) -> 0 | S47: =IFERROR(Q47/O47,0) -> 0 | T47: =IFERROR(R47/O47,0) -> 0 | U47: =IF(OR(O47=0,R47=0),0,MIN(1,R47/O47)) -> 0 | V47: =U47-S47 -> 0 | W47: =IF(AND(W$5>=$K47,W$5<=$L47,COUNTIF(휴일!$A$2:$A$20,W$5)=0),IF($G47="선택","□","■"),"") | X47: =IF(AND(X$5>=$K47,X$5<=$L47,COUNTIF(휴일!$A$2:$A$20,X$5)=0),IF($G47="선택","□","■"),"") | Y47: =IF(AND(Y$5>=$K47,Y$5<=$L47,COUNTIF(휴일!$A$2:$A$20,Y$5)=0),IF($G47="선택","□","■"),"") | Z47: =IF(AND(Z$5>=$K47,Z$5<=$L47,COUNTIF(휴일!$A$2:$A$20,Z$5)=0),IF($G47="선택","□","■"),"") -> ■ | AA47: =IF(AND(AA$5>=$K47,AA$5<=$L47,COUNTIF(휴일!$A$2:$A$20,AA$5)=0),IF($G47="선택","□","■"),"") | AB47: =IF(AND(AB$5>=$K47,AB$5<=$L47,COUNTIF(휴일!$A$2:$A$20,AB$5)=0),IF($G47="선택","□","■"),"") | AC47: =IF(AND(AC$5>=$K47,AC$5<=$L47,COUNTIF(휴일!$A$2:$A$20,AC$5)=0),IF($G47="선택","□","■"),"") | AD47: =IF(AND(AD$5>=$K47,AD$5<=$L47,COUNTIF(휴일!$A$2:$A$20,AD$5)=0),IF($G47="선택","□","■"),"") | ... AF47: =IF(AND(AF$5>=$K47,AF$5<=$L47,COUNTIF(휴일!$A$2:$A$20,AF$5)=0),IF($G47="선택","□","■"),"")
E48: FR-22 | F48: 끝 스토퍼와 측면 가이드로 픽업 위치 정렬 | G48: 필수 | H48: 이영노 | I48: PickupAligner | J48: TC-22 통과: 박스가 지정 픽업 위치와 방향에 정렬 | K48: 46325 | L48: 46325 | O48: =IF(OR(K48="",L48=""),0,L48-K48+1-COUNTIFS(휴일!$A$2:$A$20,">="&K48,휴일!$A$2:$A$20,"<="&L48)) -> 1 | P48: =IF(OR(M48="",N48=""),0,N48-M48+1-COUNTIFS(휴일!$A$2:$A$20,">="&M48,휴일!$A$2:$A$20,"<="&N48)) -> 0 | Q48: =IF(O48=0,0,MAX(0,MIN(O48,$L$1-K48+1-COUNTIFS(휴일!$A$2:$A$20,">="&K48,휴일!$A$2:$A$20,"<="&$L$1)))) -> 0 | R48: =IF(P48=0,0,MIN(P48,O48)) -> 0 | S48: =IFERROR(Q48/O48,0) -> 0 | T48: =IFERROR(R48/O48,0) -> 0 | U48: =IF(OR(O48=0,R48=0),0,MIN(1,R48/O48)) -> 0 | V48: =U48-S48 -> 0 | W48: =IF(AND(W$5>=$K48,W$5<=$L48,COUNTIF(휴일!$A$2:$A$20,W$5)=0),IF($G48="선택","□","■"),"") | X48: =IF(AND(X$5>=$K48,X$5<=$L48,COUNTIF(휴일!$A$2:$A$20,X$5)=0),IF($G48="선택","□","■"),"") | Y48: =IF(AND(Y$5>=$K48,Y$5<=$L48,COUNTIF(휴일!$A$2:$A$20,Y$5)=0),IF($G48="선택","□","■"),"") | Z48: =IF(AND(Z$5>=$K48,Z$5<=$L48,COUNTIF(휴일!$A$2:$A$20,Z$5)=0),IF($G48="선택","□","■"),"") -> ■ | AA48: =IF(AND(AA$5>=$K48,AA$5<=$L48,COUNTIF(휴일!$A$2:$A$20,AA$5)=0),IF($G48="선택","□","■"),"") | AB48: =IF(AND(AB$5>=$K48,AB$5<=$L48,COUNTIF(휴일!$A$2:$A$20,AB$5)=0),IF($G48="선택","□","■"),"") | AC48: =IF(AND(AC$5>=$K48,AC$5<=$L48,COUNTIF(휴일!$A$2:$A$20,AC$5)=0),IF($G48="선택","□","■"),"") | AD48: =IF(AND(AD$5>=$K48,AD$5<=$L48,COUNTIF(휴일!$A$2:$A$20,AD$5)=0),IF($G48="선택","□","■"),"") | ... AF48: =IF(AND(AF$5>=$K48,AF$5<=$L48,COUNTIF(휴일!$A$2:$A$20,AF$5)=0),IF($G48="선택","□","■"),"")
E49: FR-19 | F49: 중간 대기 스토퍼 개폐와 1개씩 방출 | G49: 필수 | H49: 이영노 | I49: MiddleStopper | J49: FR5 취급 중 닫힘. 다음 픽업 가능 시 1개만 방출 후 닫힘 | K49: 46325 | L49: 46325 | O49: =IF(OR(K49="",L49=""),0,L49-K49+1-COUNTIFS(휴일!$A$2:$A$20,">="&K49,휴일!$A$2:$A$20,"<="&L49)) -> 1 | P49: =IF(OR(M49="",N49=""),0,N49-M49+1-COUNTIFS(휴일!$A$2:$A$20,">="&M49,휴일!$A$2:$A$20,"<="&N49)) -> 0 | Q49: =IF(O49=0,0,MAX(0,MIN(O49,$L$1-K49+1-COUNTIFS(휴일!$A$2:$A$20,">="&K49,휴일!$A$2:$A$20,"<="&$L$1)))) -> 0 | R49: =IF(P49=0,0,MIN(P49,O49)) -> 0 | S49: =IFERROR(Q49/O49,0) -> 0 | T49: =IFERROR(R49/O49,0) -> 0 | U49: =IF(OR(O49=0,R49=0),0,MIN(1,R49/O49)) -> 0 | V49: =U49-S49 -> 0 | W49: =IF(AND(W$5>=$K49,W$5<=$L49,COUNTIF(휴일!$A$2:$A$20,W$5)=0),IF($G49="선택","□","■"),"") | X49: =IF(AND(X$5>=$K49,X$5<=$L49,COUNTIF(휴일!$A$2:$A$20,X$5)=0),IF($G49="선택","□","■"),"") | Y49: =IF(AND(Y$5>=$K49,Y$5<=$L49,COUNTIF(휴일!$A$2:$A$20,Y$5)=0),IF($G49="선택","□","■"),"") | Z49: =IF(AND(Z$5>=$K49,Z$5<=$L49,COUNTIF(휴일!$A$2:$A$20,Z$5)=0),IF($G49="선택","□","■"),"") -> ■ | AA49: =IF(AND(AA$5>=$K49,AA$5<=$L49,COUNTIF(휴일!$A$2:$A$20,AA$5)=0),IF($G49="선택","□","■"),"") | AB49: =IF(AND(AB$5>=$K49,AB$5<=$L49,COUNTIF(휴일!$A$2:$A$20,AB$5)=0),IF($G49="선택","□","■"),"") | AC49: =IF(AND(AC$5>=$K49,AC$5<=$L49,COUNTIF(휴일!$A$2:$A$20,AC$5)=0),IF($G49="선택","□","■"),"") | AD49: =IF(AND(AD$5>=$K49,AD$5<=$L49,COUNTIF(휴일!$A$2:$A$20,AD$5)=0),IF($G49="선택","□","■"),"") | ... AF49: =IF(AND(AF$5>=$K49,AF$5<=$L49,COUNTIF(휴일!$A$2:$A$20,AF$5)=0),IF($G49="선택","□","■"),"")
E50: FR-09 | F50: FR5 흡착과 해제 | G50: 필수 | H50: 이영노 | I50: VacuumGripper | J50: TC-09 통과: 흡착점에서 부착, 적재점에서 해제 | K50: 46325 | L50: 46325 | O50: =IF(OR(K50="",L50=""),0,L50-K50+1-COUNTIFS(휴일!$A$2:$A$20,">="&K50,휴일!$A$2:$A$20,"<="&L50)) -> 1 | P50: =IF(OR(M50="",N50=""),0,N50-M50+1-COUNTIFS(휴일!$A$2:$A$20,">="&M50,휴일!$A$2:$A$20,"<="&N50)) -> 0 | Q50: =IF(O50=0,0,MAX(0,MIN(O50,$L$1-K50+1-COUNTIFS(휴일!$A$2:$A$20,">="&K50,휴일!$A$2:$A$20,"<="&$L$1)))) -> 0 | R50: =IF(P50=0,0,MIN(P50,O50)) -> 0 | S50: =IFERROR(Q50/O50,0) -> 0 | T50: =IFERROR(R50/O50,0) -> 0 | U50: =IF(OR(O50=0,R50=0),0,MIN(1,R50/O50)) -> 0 | V50: =U50-S50 -> 0 | W50: =IF(AND(W$5>=$K50,W$5<=$L50,COUNTIF(휴일!$A$2:$A$20,W$5)=0),IF($G50="선택","□","■"),"") | X50: =IF(AND(X$5>=$K50,X$5<=$L50,COUNTIF(휴일!$A$2:$A$20,X$5)=0),IF($G50="선택","□","■"),"") | Y50: =IF(AND(Y$5>=$K50,Y$5<=$L50,COUNTIF(휴일!$A$2:$A$20,Y$5)=0),IF($G50="선택","□","■"),"") | Z50: =IF(AND(Z$5>=$K50,Z$5<=$L50,COUNTIF(휴일!$A$2:$A$20,Z$5)=0),IF($G50="선택","□","■"),"") -> ■ | AA50: =IF(AND(AA$5>=$K50,AA$5<=$L50,COUNTIF(휴일!$A$2:$A$20,AA$5)=0),IF($G50="선택","□","■"),"") | AB50: =IF(AND(AB$5>=$K50,AB$5<=$L50,COUNTIF(휴일!$A$2:$A$20,AB$5)=0),IF($G50="선택","□","■"),"") | AC50: =IF(AND(AC$5>=$K50,AC$5<=$L50,COUNTIF(휴일!$A$2:$A$20,AC$5)=0),IF($G50="선택","□","■"),"") | AD50: =IF(AND(AD$5>=$K50,AD$5<=$L50,COUNTIF(휴일!$A$2:$A$20,AD$5)=0),IF($G50="선택","□","■"),"") | ... AF50: =IF(AND(AF$5>=$K50,AF$5<=$L50,COUNTIF(휴일!$A$2:$A$20,AF$5)=0),IF($G50="선택","□","■"),"")
E51: FR-10 | F51: FR5 3대 IK 설정 | G51: 필수 | H51: 이영노 | I51: FR5 IK | J51: 3대 모두 픽업점과 적재 위치에 도달 | K51: 46325 | L51: 46325 | O51: =IF(OR(K51="",L51=""),0,L51-K51+1-COUNTIFS(휴일!$A$2:$A$20,">="&K51,휴일!$A$2:$A$20,"<="&L51)) -> 1 | P51: =IF(OR(M51="",N51=""),0,N51-M51+1-COUNTIFS(휴일!$A$2:$A$20,">="&M51,휴일!$A$2:$A$20,"<="&N51)) -> 0 | Q51: =IF(O51=0,0,MAX(0,MIN(O51,$L$1-K51+1-COUNTIFS(휴일!$A$2:$A$20,">="&K51,휴일!$A$2:$A$20,"<="&$L$1)))) -> 0 | R51: =IF(P51=0,0,MIN(P51,O51)) -> 0 | S51: =IFERROR(Q51/O51,0) -> 0 | T51: =IFERROR(R51/O51,0) -> 0 | U51: =IF(OR(O51=0,R51=0),0,MIN(1,R51/O51)) -> 0 | V51: =U51-S51 -> 0 | W51: =IF(AND(W$5>=$K51,W$5<=$L51,COUNTIF(휴일!$A$2:$A$20,W$5)=0),IF($G51="선택","□","■"),"") | X51: =IF(AND(X$5>=$K51,X$5<=$L51,COUNTIF(휴일!$A$2:$A$20,X$5)=0),IF($G51="선택","□","■"),"") | Y51: =IF(AND(Y$5>=$K51,Y$5<=$L51,COUNTIF(휴일!$A$2:$A$20,Y$5)=0),IF($G51="선택","□","■"),"") | Z51: =IF(AND(Z$5>=$K51,Z$5<=$L51,COUNTIF(휴일!$A$2:$A$20,Z$5)=0),IF($G51="선택","□","■"),"") -> ■ | AA51: =IF(AND(AA$5>=$K51,AA$5<=$L51,COUNTIF(휴일!$A$2:$A$20,AA$5)=0),IF($G51="선택","□","■"),"") | AB51: =IF(AND(AB$5>=$K51,AB$5<=$L51,COUNTIF(휴일!$A$2:$A$20,AB$5)=0),IF($G51="선택","□","■"),"") | AC51: =IF(AND(AC$5>=$K51,AC$5<=$L51,COUNTIF(휴일!$A$2:$A$20,AC$5)=0),IF($G51="선택","□","■"),"") | AD51: =IF(AND(AD$5>=$K51,AD$5<=$L51,COUNTIF(휴일!$A$2:$A$20,AD$5)=0),IF($G51="선택","□","■"),"") | ... AF51: =IF(AND(AF$5>=$K51,AF$5<=$L51,COUNTIF(휴일!$A$2:$A$20,AF$5)=0),IF($G51="선택","□","■"),"")
E52: FR-10 | F52: 지정 위치 적재 스크립트 | G52: 필수 | H52: 이영노 | I52: FR5 적재 스크립트 | J52: TC-10 통과: 3개 레인 FR5가 지정한 빈 위치에 적재. 실패 자리는 완료로 세지 않음 | K52: 46325 | L52: 46328 | O52: =IF(OR(K52="",L52=""),0,L52-K52+1-COUNTIFS(휴일!$A$2:$A$20,">="&K52,휴일!$A$2:$A$20,"<="&L52)) -> 2 | P52: =IF(OR(M52="",N52=""),0,N52-M52+1-COUNTIFS(휴일!$A$2:$A$20,">="&M52,휴일!$A$2:$A$20,"<="&N52)) -> 0 | Q52: =IF(O52=0,0,MAX(0,MIN(O52,$L$1-K52+1-COUNTIFS(휴일!$A$2:$A$20,">="&K52,휴일!$A$2:$A$20,"<="&$L$1)))) -> 0 | R52: =IF(P52=0,0,MIN(P52,O52)) -> 0 | S52: =IFERROR(Q52/O52,0) -> 0 | T52: =IFERROR(R52/O52,0) -> 0 | U52: =IF(OR(O52=0,R52=0),0,MIN(1,R52/O52)) -> 0 | V52: =U52-S52 -> 0 | W52: =IF(AND(W$5>=$K52,W$5<=$L52,COUNTIF(휴일!$A$2:$A$20,W$5)=0),IF($G52="선택","□","■"),"") | X52: =IF(AND(X$5>=$K52,X$5<=$L52,COUNTIF(휴일!$A$2:$A$20,X$5)=0),IF($G52="선택","□","■"),"") | Y52: =IF(AND(Y$5>=$K52,Y$5<=$L52,COUNTIF(휴일!$A$2:$A$20,Y$5)=0),IF($G52="선택","□","■"),"") | Z52: =IF(AND(Z$5>=$K52,Z$5<=$L52,COUNTIF(휴일!$A$2:$A$20,Z$5)=0),IF($G52="선택","□","■"),"") -> ■ | AA52: =IF(AND(AA$5>=$K52,AA$5<=$L52,COUNTIF(휴일!$A$2:$A$20,AA$5)=0),IF($G52="선택","□","■"),"") | AB52: =IF(AND(AB$5>=$K52,AB$5<=$L52,COUNTIF(휴일!$A$2:$A$20,AB$5)=0),IF($G52="선택","□","■"),"") | AC52: =IF(AND(AC$5>=$K52,AC$5<=$L52,COUNTIF(휴일!$A$2:$A$20,AC$5)=0),IF($G52="선택","□","■"),"") -> ■ | AD52: =IF(AND(AD$5>=$K52,AD$5<=$L52,COUNTIF(휴일!$A$2:$A$20,AD$5)=0),IF($G52="선택","□","■"),"") | ... AF52: =IF(AND(AF$5>=$K52,AF$5<=$L52,COUNTIF(휴일!$A$2:$A$20,AF$5)=0),IF($G52="선택","□","■"),"")
E53: FR-11 | F53: 층당 6자리 완전 적재 순서 | G53: 필수 | H53: 이영노 | I53: PalletLayer | J53: TC-11 통과: 6자리 완료 전 다음 층 적재 없음 | K53: 46328 | L53: 46328 | O53: =IF(OR(K53="",L53=""),0,L53-K53+1-COUNTIFS(휴일!$A$2:$A$20,">="&K53,휴일!$A$2:$A$20,"<="&L53)) -> 1 | P53: =IF(OR(M53="",N53=""),0,N53-M53+1-COUNTIFS(휴일!$A$2:$A$20,">="&M53,휴일!$A$2:$A$20,"<="&N53)) -> 0 | Q53: =IF(O53=0,0,MAX(0,MIN(O53,$L$1-K53+1-COUNTIFS(휴일!$A$2:$A$20,">="&K53,휴일!$A$2:$A$20,"<="&$L$1)))) -> 0 | R53: =IF(P53=0,0,MIN(P53,O53)) -> 0 | S53: =IFERROR(Q53/O53,0) -> 0 | T53: =IFERROR(R53/O53,0) -> 0 | U53: =IF(OR(O53=0,R53=0),0,MIN(1,R53/O53)) -> 0 | V53: =U53-S53 -> 0 | W53: =IF(AND(W$5>=$K53,W$5<=$L53,COUNTIF(휴일!$A$2:$A$20,W$5)=0),IF($G53="선택","□","■"),"") | X53: =IF(AND(X$5>=$K53,X$5<=$L53,COUNTIF(휴일!$A$2:$A$20,X$5)=0),IF($G53="선택","□","■"),"") | Y53: =IF(AND(Y$5>=$K53,Y$5<=$L53,COUNTIF(휴일!$A$2:$A$20,Y$5)=0),IF($G53="선택","□","■"),"") | Z53: =IF(AND(Z$5>=$K53,Z$5<=$L53,COUNTIF(휴일!$A$2:$A$20,Z$5)=0),IF($G53="선택","□","■"),"") | AA53: =IF(AND(AA$5>=$K53,AA$5<=$L53,COUNTIF(휴일!$A$2:$A$20,AA$5)=0),IF($G53="선택","□","■"),"") | AB53: =IF(AND(AB$5>=$K53,AB$5<=$L53,COUNTIF(휴일!$A$2:$A$20,AB$5)=0),IF($G53="선택","□","■"),"") | AC53: =IF(AND(AC$5>=$K53,AC$5<=$L53,COUNTIF(휴일!$A$2:$A$20,AC$5)=0),IF($G53="선택","□","■"),"") -> ■ | AD53: =IF(AND(AD$5>=$K53,AD$5<=$L53,COUNTIF(휴일!$A$2:$A$20,AD$5)=0),IF($G53="선택","□","■"),"") | ... AF53: =IF(AND(AF$5>=$K53,AF$5<=$L53,COUNTIF(휴일!$A$2:$A$20,AF$5)=0),IF($G53="선택","□","■"),"")
E54: FR-12 | F54: 적재 층 수 L 도달 시 파레트 완료 판정 | G54: 필수 | H54: 이영노 | I54: PalletState | J54: TC-12 통과: L=3은 17개 미완료, 18개 완료. L=2는 11개 미완료, 12개 완료 | K54: 46328 | L54: 46328 | O54: =IF(OR(K54="",L54=""),0,L54-K54+1-COUNTIFS(휴일!$A$2:$A$20,">="&K54,휴일!$A$2:$A$20,"<="&L54)) -> 1 | P54: =IF(OR(M54="",N54=""),0,N54-M54+1-COUNTIFS(휴일!$A$2:$A$20,">="&M54,휴일!$A$2:$A$20,"<="&N54)) -> 0 | Q54: =IF(O54=0,0,MAX(0,MIN(O54,$L$1-K54+1-COUNTIFS(휴일!$A$2:$A$20,">="&K54,휴일!$A$2:$A$20,"<="&$L$1)))) -> 0 | R54: =IF(P54=0,0,MIN(P54,O54)) -> 0 | S54: =IFERROR(Q54/O54,0) -> 0 | T54: =IFERROR(R54/O54,0) -> 0 | U54: =IF(OR(O54=0,R54=0),0,MIN(1,R54/O54)) -> 0 | V54: =U54-S54 -> 0 | W54: =IF(AND(W$5>=$K54,W$5<=$L54,COUNTIF(휴일!$A$2:$A$20,W$5)=0),IF($G54="선택","□","■"),"") | X54: =IF(AND(X$5>=$K54,X$5<=$L54,COUNTIF(휴일!$A$2:$A$20,X$5)=0),IF($G54="선택","□","■"),"") | Y54: =IF(AND(Y$5>=$K54,Y$5<=$L54,COUNTIF(휴일!$A$2:$A$20,Y$5)=0),IF($G54="선택","□","■"),"") | Z54: =IF(AND(Z$5>=$K54,Z$5<=$L54,COUNTIF(휴일!$A$2:$A$20,Z$5)=0),IF($G54="선택","□","■"),"") | AA54: =IF(AND(AA$5>=$K54,AA$5<=$L54,COUNTIF(휴일!$A$2:$A$20,AA$5)=0),IF($G54="선택","□","■"),"") | AB54: =IF(AND(AB$5>=$K54,AB$5<=$L54,COUNTIF(휴일!$A$2:$A$20,AB$5)=0),IF($G54="선택","□","■"),"") | AC54: =IF(AND(AC$5>=$K54,AC$5<=$L54,COUNTIF(휴일!$A$2:$A$20,AC$5)=0),IF($G54="선택","□","■"),"") -> ■ | AD54: =IF(AND(AD$5>=$K54,AD$5<=$L54,COUNTIF(휴일!$A$2:$A$20,AD$5)=0),IF($G54="선택","□","■"),"") | ... AF54: =IF(AND(AF$5>=$K54,AF$5<=$L54,COUNTIF(휴일!$A$2:$A$20,AF$5)=0),IF($G54="선택","□","■"),"")
... E64: FR-17 | F64: 같은 도크에 다음 차량 배치 | G64: 필수 | H64: 이영노 | I64: DockManager | J64: TC-17 통과: 출발 후 같은 도크에 다음 차량 배치 | K64: 46328 | L64: 46328 | O64: =IF(OR(K64="",L64=""),0,L64-K64+1-COUNTIFS(휴일!$A$2:$A$20,">="&K64,휴일!$A$2:$A$20,"<="&L64)) -> 1 | P64: =IF(OR(M64="",N64=""),0,N64-M64+1-COUNTIFS(휴일!$A$2:$A$20,">="&M64,휴일!$A$2:$A$20,"<="&N64)) -> 0 | Q64: =IF(O64=0,0,MAX(0,MIN(O64,$L$1-K64+1-COUNTIFS(휴일!$A$2:$A$20,">="&K64,휴일!$A$2:$A$20,"<="&$L$1)))) -> 0 | R64: =IF(P64=0,0,MIN(P64,O64)) -> 0 | S64: =IFERROR(Q64/O64,0) -> 0 | T64: =IFERROR(R64/O64,0) -> 0 | U64: =IF(OR(O64=0,R64=0),0,MIN(1,R64/O64)) -> 0 | V64: =U64-S64 -> 0 | W64: =IF(AND(W$5>=$K64,W$5<=$L64,COUNTIF(휴일!$A$2:$A$20,W$5)=0),IF($G64="선택","□","■"),"") | X64: =IF(AND(X$5>=$K64,X$5<=$L64,COUNTIF(휴일!$A$2:$A$20,X$5)=0),IF($G64="선택","□","■"),"") | Y64: =IF(AND(Y$5>=$K64,Y$5<=$L64,COUNTIF(휴일!$A$2:$A$20,Y$5)=0),IF($G64="선택","□","■"),"") | Z64: =IF(AND(Z$5>=$K64,Z$5<=$L64,COUNTIF(휴일!$A$2:$A$20,Z$5)=0),IF($G64="선택","□","■"),"") | AA64: =IF(AND(AA$5>=$K64,AA$5<=$L64,COUNTIF(휴일!$A$2:$A$20,AA$5)=0),IF($G64="선택","□","■"),"") | AB64: =IF(AND(AB$5>=$K64,AB$5<=$L64,COUNTIF(휴일!$A$2:$A$20,AB$5)=0),IF($G64="선택","□","■"),"") | AC64: =IF(AND(AC$5>=$K64,AC$5<=$L64,COUNTIF(휴일!$A$2:$A$20,AC$5)=0),IF($G64="선택","□","■"),"") -> ■ | AD64: =IF(AND(AD$5>=$K64,AD$5<=$L64,COUNTIF(휴일!$A$2:$A$20,AD$5)=0),IF($G64="선택","□","■"),"") | ... AF64: =IF(AND(AF$5>=$K64,AF$5<=$L64,COUNTIF(휴일!$A$2:$A$20,AF$5)=0),IF($G64="선택","□","■"),"")
B66: 4 | C66: 0.2 | D66: 기능 연결 | E66: FR-19 | F66: 레인별 순환 대기 수 집계 | G66: 필수 | H66: 이영노 | I66: LaneMonitor | J66: 바코드별 순환 대기 수가 실제 박스 수와 일치 | K66: 46325 | L66: 46325 | O66: =IF(OR(K66="",L66=""),0,L66-K66+1-COUNTIFS(휴일!$A$2:$A$20,">="&K66,휴일!$A$2:$A$20,"<="&L66)) -> 1 | P66: =IF(OR(M66="",N66=""),0,N66-M66+1-COUNTIFS(휴일!$A$2:$A$20,">="&M66,휴일!$A$2:$A$20,"<="&N66)) -> 0 | Q66: =IF(O66=0,0,MAX(0,MIN(O66,$L$1-K66+1-COUNTIFS(휴일!$A$2:$A$20,">="&K66,휴일!$A$2:$A$20,"<="&$L$1)))) -> 0 | R66: =IF(P66=0,0,MIN(P66,O66)) -> 0 | S66: =IFERROR(Q66/O66,0) -> 0 | T66: =IFERROR(R66/O66,0) -> 0 | U66: =IF(OR(O66=0,R66=0),0,MIN(1,R66/O66)) -> 0 | V66: =U66-S66 -> 0 | W66: =IF(AND(W$5>=$K66,W$5<=$L66,COUNTIF(휴일!$A$2:$A$20,W$5)=0),IF($G66="선택","□","■"),"") | X66: =IF(AND(X$5>=$K66,X$5<=$L66,COUNTIF(휴일!$A$2:$A$20,X$5)=0),IF($G66="선택","□","■"),"") | Y66: =IF(AND(Y$5>=$K66,Y$5<=$L66,COUNTIF(휴일!$A$2:$A$20,Y$5)=0),IF($G66="선택","□","■"),"") | Z66: =IF(AND(Z$5>=$K66,Z$5<=$L66,COUNTIF(휴일!$A$2:$A$20,Z$5)=0),IF($G66="선택","□","■"),"") -> ■ | AA66: =IF(AND(AA$5>=$K66,AA$5<=$L66,COUNTIF(휴일!$A$2:$A$20,AA$5)=0),IF($G66="선택","□","■"),"") | AB66: =IF(AND(AB$5>=$K66,AB$5<=$L66,COUNTIF(휴일!$A$2:$A$20,AB$5)=0),IF($G66="선택","□","■"),"") | AC66: =IF(AND(AC$5>=$K66,AC$5<=$L66,COUNTIF(휴일!$A$2:$A$20,AC$5)=0),IF($G66="선택","□","■"),"") | AD66: =IF(AND(AD$5>=$K66,AD$5<=$L66,COUNTIF(휴일!$A$2:$A$20,AD$5)=0),IF($G66="선택","□","■"),"") | ... AF66: =IF(AND(AF$5>=$K66,AF$5<=$L66,COUNTIF(휴일!$A$2:$A$20,AF$5)=0),IF($G66="선택","□","■"),"")
E67: FR-19 | F67: 레인별 5개 제한 | G67: 필수 | H67: 이영노 | I67: LaneMonitor | J67: 순환 대기 3개, 스토퍼 앞 1개, 픽업 또는 FR5 취급 1개로 총 5개 제한 | K67: 46328 | L67: 46328 | O67: =IF(OR(K67="",L67=""),0,L67-K67+1-COUNTIFS(휴일!$A$2:$A$20,">="&K67,휴일!$A$2:$A$20,"<="&L67)) -> 1 | P67: =IF(OR(M67="",N67=""),0,N67-M67+1-COUNTIFS(휴일!$A$2:$A$20,">="&M67,휴일!$A$2:$A$20,"<="&N67)) -> 0 | Q67: =IF(O67=0,0,MAX(0,MIN(O67,$L$1-K67+1-COUNTIFS(휴일!$A$2:$A$20,">="&K67,휴일!$A$2:$A$20,"<="&$L$1)))) -> 0 | R67: =IF(P67=0,0,MIN(P67,O67)) -> 0 | S67: =IFERROR(Q67/O67,0) -> 0 | T67: =IFERROR(R67/O67,0) -> 0 | U67: =IF(OR(O67=0,R67=0),0,MIN(1,R67/O67)) -> 0 | V67: =U67-S67 -> 0 | W67: =IF(AND(W$5>=$K67,W$5<=$L67,COUNTIF(휴일!$A$2:$A$20,W$5)=0),IF($G67="선택","□","■"),"") | X67: =IF(AND(X$5>=$K67,X$5<=$L67,COUNTIF(휴일!$A$2:$A$20,X$5)=0),IF($G67="선택","□","■"),"") | Y67: =IF(AND(Y$5>=$K67,Y$5<=$L67,COUNTIF(휴일!$A$2:$A$20,Y$5)=0),IF($G67="선택","□","■"),"") | Z67: =IF(AND(Z$5>=$K67,Z$5<=$L67,COUNTIF(휴일!$A$2:$A$20,Z$5)=0),IF($G67="선택","□","■"),"") | AA67: =IF(AND(AA$5>=$K67,AA$5<=$L67,COUNTIF(휴일!$A$2:$A$20,AA$5)=0),IF($G67="선택","□","■"),"") | AB67: =IF(AND(AB$5>=$K67,AB$5<=$L67,COUNTIF(휴일!$A$2:$A$20,AB$5)=0),IF($G67="선택","□","■"),"") | AC67: =IF(AND(AC$5>=$K67,AC$5<=$L67,COUNTIF(휴일!$A$2:$A$20,AC$5)=0),IF($G67="선택","□","■"),"") -> ■ | AD67: =IF(AND(AD$5>=$K67,AD$5<=$L67,COUNTIF(휴일!$A$2:$A$20,AD$5)=0),IF($G67="선택","□","■"),"") | ... AF67: =IF(AND(AF$5>=$K67,AF$5<=$L67,COUNTIF(휴일!$A$2:$A$20,AF$5)=0),IF($G67="선택","□","■"),"")
E68: FR-19 | F68: 정체 판정과 해당 바코드 투입 중지 | G68: 필수 | H68: 이영노 | I68: CongestionControl | J68: 순환 대기 3개에서 정체 판정, 해당 바코드 새 박스 투입 중지 | K68: 46328 | L68: 46328 | O68: =IF(OR(K68="",L68=""),0,L68-K68+1-COUNTIFS(휴일!$A$2:$A$20,">="&K68,휴일!$A$2:$A$20,"<="&L68)) -> 1 | P68: =IF(OR(M68="",N68=""),0,N68-M68+1-COUNTIFS(휴일!$A$2:$A$20,">="&M68,휴일!$A$2:$A$20,"<="&N68)) -> 0 | Q68: =IF(O68=0,0,MAX(0,MIN(O68,$L$1-K68+1-COUNTIFS(휴일!$A$2:$A$20,">="&K68,휴일!$A$2:$A$20,"<="&$L$1)))) -> 0 | R68: =IF(P68=0,0,MIN(P68,O68)) -> 0 | S68: =IFERROR(Q68/O68,0) -> 0 | T68: =IFERROR(R68/O68,0) -> 0 | U68: =IF(OR(O68=0,R68=0),0,MIN(1,R68/O68)) -> 0 | V68: =U68-S68 -> 0 | W68: =IF(AND(W$5>=$K68,W$5<=$L68,COUNTIF(휴일!$A$2:$A$20,W$5)=0),IF($G68="선택","□","■"),"") | X68: =IF(AND(X$5>=$K68,X$5<=$L68,COUNTIF(휴일!$A$2:$A$20,X$5)=0),IF($G68="선택","□","■"),"") | Y68: =IF(AND(Y$5>=$K68,Y$5<=$L68,COUNTIF(휴일!$A$2:$A$20,Y$5)=0),IF($G68="선택","□","■"),"") | Z68: =IF(AND(Z$5>=$K68,Z$5<=$L68,COUNTIF(휴일!$A$2:$A$20,Z$5)=0),IF($G68="선택","□","■"),"") | AA68: =IF(AND(AA$5>=$K68,AA$5<=$L68,COUNTIF(휴일!$A$2:$A$20,AA$5)=0),IF($G68="선택","□","■"),"") | AB68: =IF(AND(AB$5>=$K68,AB$5<=$L68,COUNTIF(휴일!$A$2:$A$20,AB$5)=0),IF($G68="선택","□","■"),"") | AC68: =IF(AND(AC$5>=$K68,AC$5<=$L68,COUNTIF(휴일!$A$2:$A$20,AC$5)=0),IF($G68="선택","□","■"),"") -> ■ | AD68: =IF(AND(AD$5>=$K68,AD$5<=$L68,COUNTIF(휴일!$A$2:$A$20,AD$5)=0),IF($G68="선택","□","■"),"") | ... AF68: =IF(AND(AF$5>=$K68,AF$5<=$L68,COUNTIF(휴일!$A$2:$A$20,AF$5)=0),IF($G68="선택","□","■"),"")
E69: FR-19, UI-03 | F69: 정체 알람 표시 | G69: 필수 | H69: 이영노 | I69: 알람 UI | J69: 정체 발생, 투입 중지, 중간 스토퍼 개폐, 해제 상태가 표시됨 | K69: 46328 | L69: 46328 | O69: =IF(OR(K69="",L69=""),0,L69-K69+1-COUNTIFS(휴일!$A$2:$A$20,">="&K69,휴일!$A$2:$A$20,"<="&L69)) -> 1 | P69: =IF(OR(M69="",N69=""),0,N69-M69+1-COUNTIFS(휴일!$A$2:$A$20,">="&M69,휴일!$A$2:$A$20,"<="&N69)) -> 0 | Q69: =IF(O69=0,0,MAX(0,MIN(O69,$L$1-K69+1-COUNTIFS(휴일!$A$2:$A$20,">="&K69,휴일!$A$2:$A$20,"<="&$L$1)))) -> 0 | R69: =IF(P69=0,0,MIN(P69,O69)) -> 0 | S69: =IFERROR(Q69/O69,0) -> 0 | T69: =IFERROR(R69/O69,0) -> 0 | U69: =IF(OR(O69=0,R69=0),0,MIN(1,R69/O69)) -> 0 | V69: =U69-S69 -> 0 | W69: =IF(AND(W$5>=$K69,W$5<=$L69,COUNTIF(휴일!$A$2:$A$20,W$5)=0),IF($G69="선택","□","■"),"") | X69: =IF(AND(X$5>=$K69,X$5<=$L69,COUNTIF(휴일!$A$2:$A$20,X$5)=0),IF($G69="선택","□","■"),"") | Y69: =IF(AND(Y$5>=$K69,Y$5<=$L69,COUNTIF(휴일!$A$2:$A$20,Y$5)=0),IF($G69="선택","□","■"),"") | Z69: =IF(AND(Z$5>=$K69,Z$5<=$L69,COUNTIF(휴일!$A$2:$A$20,Z$5)=0),IF($G69="선택","□","■"),"") | AA69: =IF(AND(AA$5>=$K69,AA$5<=$L69,COUNTIF(휴일!$A$2:$A$20,AA$5)=0),IF($G69="선택","□","■"),"") | AB69: =IF(AND(AB$5>=$K69,AB$5<=$L69,COUNTIF(휴일!$A$2:$A$20,AB$5)=0),IF($G69="선택","□","■"),"") | AC69: =IF(AND(AC$5>=$K69,AC$5<=$L69,COUNTIF(휴일!$A$2:$A$20,AC$5)=0),IF($G69="선택","□","■"),"") -> ■ | AD69: =IF(AND(AD$5>=$K69,AD$5<=$L69,COUNTIF(휴일!$A$2:$A$20,AD$5)=0),IF($G69="선택","□","■"),"") | ... AF69: =IF(AND(AF$5>=$K69,AF$5<=$L69,COUNTIF(휴일!$A$2:$A$20,AF$5)=0),IF($G69="선택","□","■"),"")
E70: FR-19, FR-05 | F70: 정체 해제와 투입 재개 | G70: 필수 | H70: 이영노 | I70: CongestionControl | J70: TC-19 통과: 2개 유지, 1개 이하 해제와 재개. TC-05 정체 중 메인 운전과 기존 박스 분기 재확인 | K70: 46328 | L70: 46328 | O70: =IF(OR(K70="",L70=""),0,L70-K70+1-COUNTIFS(휴일!$A$2:$A$20,">="&K70,휴일!$A$2:$A$20,"<="&L70)) -> 1 | P70: =IF(OR(M70="",N70=""),0,N70-M70+1-COUNTIFS(휴일!$A$2:$A$20,">="&M70,휴일!$A$2:$A$20,"<="&N70)) -> 0 | Q70: =IF(O70=0,0,MAX(0,MIN(O70,$L$1-K70+1-COUNTIFS(휴일!$A$2:$A$20,">="&K70,휴일!$A$2:$A$20,"<="&$L$1)))) -> 0 | R70: =IF(P70=0,0,MIN(P70,O70)) -> 0 | S70: =IFERROR(Q70/O70,0) -> 0 | T70: =IFERROR(R70/O70,0) -> 0 | U70: =IF(OR(O70=0,R70=0),0,MIN(1,R70/O70)) -> 0 | V70: =U70-S70 -> 0 | W70: =IF(AND(W$5>=$K70,W$5<=$L70,COUNTIF(휴일!$A$2:$A$20,W$5)=0),IF($G70="선택","□","■"),"") | X70: =IF(AND(X$5>=$K70,X$5<=$L70,COUNTIF(휴일!$A$2:$A$20,X$5)=0),IF($G70="선택","□","■"),"") | Y70: =IF(AND(Y$5>=$K70,Y$5<=$L70,COUNTIF(휴일!$A$2:$A$20,Y$5)=0),IF($G70="선택","□","■"),"") | Z70: =IF(AND(Z$5>=$K70,Z$5<=$L70,COUNTIF(휴일!$A$2:$A$20,Z$5)=0),IF($G70="선택","□","■"),"") | AA70: =IF(AND(AA$5>=$K70,AA$5<=$L70,COUNTIF(휴일!$A$2:$A$20,AA$5)=0),IF($G70="선택","□","■"),"") | AB70: =IF(AND(AB$5>=$K70,AB$5<=$L70,COUNTIF(휴일!$A$2:$A$20,AB$5)=0),IF($G70="선택","□","■"),"") | AC70: =IF(AND(AC$5>=$K70,AC$5<=$L70,COUNTIF(휴일!$A$2:$A$20,AC$5)=0),IF($G70="선택","□","■"),"") -> ■ | AD70: =IF(AND(AD$5>=$K70,AD$5<=$L70,COUNTIF(휴일!$A$2:$A$20,AD$5)=0),IF($G70="선택","□","■"),"") | ... AF70: =IF(AND(AF$5>=$K70,AF$5<=$L70,COUNTIF(휴일!$A$2:$A$20,AF$5)=0),IF($G70="선택","□","■"),"")
E71: FR-20 | F71: 적재 완료 신호를 전담 AMR에 전달 | G71: 필수 | H71: 이영노 | I71: 신호 연결 | J71: 해당 레인 AMR만 신호를 받고 이동 시작 | K71: 46328 | L71: 46328 | O71: =IF(OR(K71="",L71=""),0,L71-K71+1-COUNTIFS(휴일!$A$2:$A$20,">="&K71,휴일!$A$2:$A$20,"<="&L71)) -> 1 | P71: =IF(OR(M71="",N71=""),0,N71-M71+1-COUNTIFS(휴일!$A$2:$A$20,">="&M71,휴일!$A$2:$A$20,"<="&N71)) -> 0 | Q71: =IF(O71=0,0,MAX(0,MIN(O71,$L$1-K71+1-COUNTIFS(휴일!$A$2:$A$20,">="&K71,휴일!$A$2:$A$20,"<="&$L$1)))) -> 0 | R71: =IF(P71=0,0,MIN(P71,O71)) -> 0 | S71: =IFERROR(Q71/O71,0) -> 0 | T71: =IFERROR(R71/O71,0) -> 0 | U71: =IF(OR(O71=0,R71=0),0,MIN(1,R71/O71)) -> 0 | V71: =U71-S71 -> 0 | W71: =IF(AND(W$5>=$K71,W$5<=$L71,COUNTIF(휴일!$A$2:$A$20,W$5)=0),IF($G71="선택","□","■"),"") | X71: =IF(AND(X$5>=$K71,X$5<=$L71,COUNTIF(휴일!$A$2:$A$20,X$5)=0),IF($G71="선택","□","■"),"") | Y71: =IF(AND(Y$5>=$K71,Y$5<=$L71,COUNTIF(휴일!$A$2:$A$20,Y$5)=0),IF($G71="선택","□","■"),"") | Z71: =IF(AND(Z$5>=$K71,Z$5<=$L71,COUNTIF(휴일!$A$2:$A$20,Z$5)=0),IF($G71="선택","□","■"),"") | AA71: =IF(AND(AA$5>=$K71,AA$5<=$L71,COUNTIF(휴일!$A$2:$A$20,AA$5)=0),IF($G71="선택","□","■"),"") | AB71: =IF(AND(AB$5>=$K71,AB$5<=$L71,COUNTIF(휴일!$A$2:$A$20,AB$5)=0),IF($G71="선택","□","■"),"") | AC71: =IF(AND(AC$5>=$K71,AC$5<=$L71,COUNTIF(휴일!$A$2:$A$20,AC$5)=0),IF($G71="선택","□","■"),"") -> ■ | AD71: =IF(AND(AD$5>=$K71,AD$5<=$L71,COUNTIF(휴일!$A$2:$A$20,AD$5)=0),IF($G71="선택","□","■"),"") | ... AF71: =IF(AND(AF$5>=$K71,AF$5<=$L71,COUNTIF(휴일!$A$2:$A$20,AF$5)=0),IF($G71="선택","□","■"),"")
E72: FR-20 | F72: 빈 파레트 재생성 | G72: 필수 | H72: 이영노 | I72: PalletRespawner | J72: 완성 파레트 반출 후 같은 위치에 빈 파레트 생성 | K72: 46328 | L72: 46328 | O72: =IF(OR(K72="",L72=""),0,L72-K72+1-COUNTIFS(휴일!$A$2:$A$20,">="&K72,휴일!$A$2:$A$20,"<="&L72)) -> 1 | P72: =IF(OR(M72="",N72=""),0,N72-M72+1-COUNTIFS(휴일!$A$2:$A$20,">="&M72,휴일!$A$2:$A$20,"<="&N72)) -> 0 | Q72: =IF(O72=0,0,MAX(0,MIN(O72,$L$1-K72+1-COUNTIFS(휴일!$A$2:$A$20,">="&K72,휴일!$A$2:$A$20,"<="&$L$1)))) -> 0 | R72: =IF(P72=0,0,MIN(P72,O72)) -> 0 | S72: =IFERROR(Q72/O72,0) -> 0 | T72: =IFERROR(R72/O72,0) -> 0 | U72: =IF(OR(O72=0,R72=0),0,MIN(1,R72/O72)) -> 0 | V72: =U72-S72 -> 0 | W72: =IF(AND(W$5>=$K72,W$5<=$L72,COUNTIF(휴일!$A$2:$A$20,W$5)=0),IF($G72="선택","□","■"),"") | X72: =IF(AND(X$5>=$K72,X$5<=$L72,COUNTIF(휴일!$A$2:$A$20,X$5)=0),IF($G72="선택","□","■"),"") | Y72: =IF(AND(Y$5>=$K72,Y$5<=$L72,COUNTIF(휴일!$A$2:$A$20,Y$5)=0),IF($G72="선택","□","■"),"") | Z72: =IF(AND(Z$5>=$K72,Z$5<=$L72,COUNTIF(휴일!$A$2:$A$20,Z$5)=0),IF($G72="선택","□","■"),"") | AA72: =IF(AND(AA$5>=$K72,AA$5<=$L72,COUNTIF(휴일!$A$2:$A$20,AA$5)=0),IF($G72="선택","□","■"),"") | AB72: =IF(AND(AB$5>=$K72,AB$5<=$L72,COUNTIF(휴일!$A$2:$A$20,AB$5)=0),IF($G72="선택","□","■"),"") | AC72: =IF(AND(AC$5>=$K72,AC$5<=$L72,COUNTIF(휴일!$A$2:$A$20,AC$5)=0),IF($G72="선택","□","■"),"") -> ■ | AD72: =IF(AND(AD$5>=$K72,AD$5<=$L72,COUNTIF(휴일!$A$2:$A$20,AD$5)=0),IF($G72="선택","□","■"),"") | ... AF72: =IF(AND(AF$5>=$K72,AF$5<=$L72,COUNTIF(휴일!$A$2:$A$20,AF$5)=0),IF($G72="선택","□","■"),"")
E73: FR-20 | F73: 차량 파레트 수 갱신 | G73: 필수 | H73: 이영노 | I73: TruckState | J73: TC-20 통과: 신호 전달, 빈 파레트 재생성, 상차 후 파레트 수 1 증가 | K73: 46328 | L73: 46328 | O73: =IF(OR(K73="",L73=""),0,L73-K73+1-COUNTIFS(휴일!$A$2:$A$20,">="&K73,휴일!$A$2:$A$20,"<="&L73)) -> 1 | P73: =IF(OR(M73="",N73=""),0,N73-M73+1-COUNTIFS(휴일!$A$2:$A$20,">="&M73,휴일!$A$2:$A$20,"<="&N73)) -> 0 | Q73: =IF(O73=0,0,MAX(0,MIN(O73,$L$1-K73+1-COUNTIFS(휴일!$A$2:$A$20,">="&K73,휴일!$A$2:$A$20,"<="&$L$1)))) -> 0 | R73: =IF(P73=0,0,MIN(P73,O73)) -> 0 | S73: =IFERROR(Q73/O73,0) -> 0 | T73: =IFERROR(R73/O73,0) -> 0 | U73: =IF(OR(O73=0,R73=0),0,MIN(1,R73/O73)) -> 0 | V73: =U73-S73 -> 0 | W73: =IF(AND(W$5>=$K73,W$5<=$L73,COUNTIF(휴일!$A$2:$A$20,W$5)=0),IF($G73="선택","□","■"),"") | X73: =IF(AND(X$5>=$K73,X$5<=$L73,COUNTIF(휴일!$A$2:$A$20,X$5)=0),IF($G73="선택","□","■"),"") | Y73: =IF(AND(Y$5>=$K73,Y$5<=$L73,COUNTIF(휴일!$A$2:$A$20,Y$5)=0),IF($G73="선택","□","■"),"") | Z73: =IF(AND(Z$5>=$K73,Z$5<=$L73,COUNTIF(휴일!$A$2:$A$20,Z$5)=0),IF($G73="선택","□","■"),"") | AA73: =IF(AND(AA$5>=$K73,AA$5<=$L73,COUNTIF(휴일!$A$2:$A$20,AA$5)=0),IF($G73="선택","□","■"),"") | AB73: =IF(AND(AB$5>=$K73,AB$5<=$L73,COUNTIF(휴일!$A$2:$A$20,AB$5)=0),IF($G73="선택","□","■"),"") | AC73: =IF(AND(AC$5>=$K73,AC$5<=$L73,COUNTIF(휴일!$A$2:$A$20,AC$5)=0),IF($G73="선택","□","■"),"") -> ■ | AD73: =IF(AND(AD$5>=$K73,AD$5<=$L73,COUNTIF(휴일!$A$2:$A$20,AD$5)=0),IF($G73="선택","□","■"),"") | ... AF73: =IF(AND(AF$5>=$K73,AF$5<=$L73,COUNTIF(휴일!$A$2:$A$20,AF$5)=0),IF($G73="선택","□","■"),"")
E74: FR-21, UI-04 | F74: 시작, 일시정지, 재개 조작 | G74: 필수 | H74: 이영노 | I74: 조작 UI | J74: 버튼 입력에 따라 공정이 시작, 정지, 재개됨 | K74: 46325 | L74: 46325 | O74: =IF(OR(K74="",L74=""),0,L74-K74+1-COUNTIFS(휴일!$A$2:$A$20,">="&K74,휴일!$A$2:$A$20,"<="&L74)) -> 1 | P74: =IF(OR(M74="",N74=""),0,N74-M74+1-COUNTIFS(휴일!$A$2:$A$20,">="&M74,휴일!$A$2:$A$20,"<="&N74)) -> 0 | Q74: =IF(O74=0,0,MAX(0,MIN(O74,$L$1-K74+1-COUNTIFS(휴일!$A$2:$A$20,">="&K74,휴일!$A$2:$A$20,"<="&$L$1)))) -> 0 | R74: =IF(P74=0,0,MIN(P74,O74)) -> 0 | S74: =IFERROR(Q74/O74,0) -> 0 | T74: =IFERROR(R74/O74,0) -> 0 | U74: =IF(OR(O74=0,R74=0),0,MIN(1,R74/O74)) -> 0 | V74: =U74-S74 -> 0 | W74: =IF(AND(W$5>=$K74,W$5<=$L74,COUNTIF(휴일!$A$2:$A$20,W$5)=0),IF($G74="선택","□","■"),"") | X74: =IF(AND(X$5>=$K74,X$5<=$L74,COUNTIF(휴일!$A$2:$A$20,X$5)=0),IF($G74="선택","□","■"),"") | Y74: =IF(AND(Y$5>=$K74,Y$5<=$L74,COUNTIF(휴일!$A$2:$A$20,Y$5)=0),IF($G74="선택","□","■"),"") | Z74: =IF(AND(Z$5>=$K74,Z$5<=$L74,COUNTIF(휴일!$A$2:$A$20,Z$5)=0),IF($G74="선택","□","■"),"") -> ■ | AA74: =IF(AND(AA$5>=$K74,AA$5<=$L74,COUNTIF(휴일!$A$2:$A$20,AA$5)=0),IF($G74="선택","□","■"),"") | AB74: =IF(AND(AB$5>=$K74,AB$5<=$L74,COUNTIF(휴일!$A$2:$A$20,AB$5)=0),IF($G74="선택","□","■"),"") | AC74: =IF(AND(AC$5>=$K74,AC$5<=$L74,COUNTIF(휴일!$A$2:$A$20,AC$5)=0),IF($G74="선택","□","■"),"") | AD74: =IF(AND(AD$5>=$K74,AD$5<=$L74,COUNTIF(휴일!$A$2:$A$20,AD$5)=0),IF($G74="선택","□","■"),"") | ... AF74: =IF(AND(AF$5>=$K74,AF$5<=$L74,COUNTIF(휴일!$A$2:$A$20,AF$5)=0),IF($G74="선택","□","■"),"")
E75: FR-21, UI-04 | F75: 초기화 조작 | G75: 필수 | H75: 이영노 | I75: 조작 UI | J75: 시험 전 정한 범위의 상태와 기록이 초기화됨 | K75: 46328 | L75: 46328 | O75: =IF(OR(K75="",L75=""),0,L75-K75+1-COUNTIFS(휴일!$A$2:$A$20,">="&K75,휴일!$A$2:$A$20,"<="&L75)) -> 1 | P75: =IF(OR(M75="",N75=""),0,N75-M75+1-COUNTIFS(휴일!$A$2:$A$20,">="&M75,휴일!$A$2:$A$20,"<="&N75)) -> 0 | Q75: =IF(O75=0,0,MAX(0,MIN(O75,$L$1-K75+1-COUNTIFS(휴일!$A$2:$A$20,">="&K75,휴일!$A$2:$A$20,"<="&$L$1)))) -> 0 | R75: =IF(P75=0,0,MIN(P75,O75)) -> 0 | S75: =IFERROR(Q75/O75,0) -> 0 | T75: =IFERROR(R75/O75,0) -> 0 | U75: =IF(OR(O75=0,R75=0),0,MIN(1,R75/O75)) -> 0 | V75: =U75-S75 -> 0 | W75: =IF(AND(W$5>=$K75,W$5<=$L75,COUNTIF(휴일!$A$2:$A$20,W$5)=0),IF($G75="선택","□","■"),"") | X75: =IF(AND(X$5>=$K75,X$5<=$L75,COUNTIF(휴일!$A$2:$A$20,X$5)=0),IF($G75="선택","□","■"),"") | Y75: =IF(AND(Y$5>=$K75,Y$5<=$L75,COUNTIF(휴일!$A$2:$A$20,Y$5)=0),IF($G75="선택","□","■"),"") | Z75: =IF(AND(Z$5>=$K75,Z$5<=$L75,COUNTIF(휴일!$A$2:$A$20,Z$5)=0),IF($G75="선택","□","■"),"") | AA75: =IF(AND(AA$5>=$K75,AA$5<=$L75,COUNTIF(휴일!$A$2:$A$20,AA$5)=0),IF($G75="선택","□","■"),"") | AB75: =IF(AND(AB$5>=$K75,AB$5<=$L75,COUNTIF(휴일!$A$2:$A$20,AB$5)=0),IF($G75="선택","□","■"),"") | AC75: =IF(AND(AC$5>=$K75,AC$5<=$L75,COUNTIF(휴일!$A$2:$A$20,AC$5)=0),IF($G75="선택","□","■"),"") -> ■ | AD75: =IF(AND(AD$5>=$K75,AD$5<=$L75,COUNTIF(휴일!$A$2:$A$20,AD$5)=0),IF($G75="선택","□","■"),"") | ... AF75: =IF(AND(AF$5>=$K75,AF$5<=$L75,COUNTIF(휴일!$A$2:$A$20,AF$5)=0),IF($G75="선택","□","■"),"")
E76: FR-21, UI-04 | F76: 생산속도 조절 | G76: 필수 | H76: 이영노 | I76: 조작 UI | J76: TC-21 통과: 5개 조작 동작. 속도 범위는 측정 후 확정 | K76: 46328 | L76: 46328 | O76: =IF(OR(K76="",L76=""),0,L76-K76+1-COUNTIFS(휴일!$A$2:$A$20,">="&K76,휴일!$A$2:$A$20,"<="&L76)) -> 1 | P76: =IF(OR(M76="",N76=""),0,N76-M76+1-COUNTIFS(휴일!$A$2:$A$20,">="&M76,휴일!$A$2:$A$20,"<="&N76)) -> 0 | Q76: =IF(O76=0,0,MAX(0,MIN(O76,$L$1-K76+1-COUNTIFS(휴일!$A$2:$A$20,">="&K76,휴일!$A$2:$A$20,"<="&$L$1)))) -> 0 | R76: =IF(P76=0,0,MIN(P76,O76)) -> 0 | S76: =IFERROR(Q76/O76,0) -> 0 | T76: =IFERROR(R76/O76,0) -> 0 | U76: =IF(OR(O76=0,R76=0),0,MIN(1,R76/O76)) -> 0 | V76: =U76-S76 -> 0 | W76: =IF(AND(W$5>=$K76,W$5<=$L76,COUNTIF(휴일!$A$2:$A$20,W$5)=0),IF($G76="선택","□","■"),"") | X76: =IF(AND(X$5>=$K76,X$5<=$L76,COUNTIF(휴일!$A$2:$A$20,X$5)=0),IF($G76="선택","□","■"),"") | Y76: =IF(AND(Y$5>=$K76,Y$5<=$L76,COUNTIF(휴일!$A$2:$A$20,Y$5)=0),IF($G76="선택","□","■"),"") | Z76: =IF(AND(Z$5>=$K76,Z$5<=$L76,COUNTIF(휴일!$A$2:$A$20,Z$5)=0),IF($G76="선택","□","■"),"") | AA76: =IF(AND(AA$5>=$K76,AA$5<=$L76,COUNTIF(휴일!$A$2:$A$20,AA$5)=0),IF($G76="선택","□","■"),"") | AB76: =IF(AND(AB$5>=$K76,AB$5<=$L76,COUNTIF(휴일!$A$2:$A$20,AB$5)=0),IF($G76="선택","□","■"),"") | AC76: =IF(AND(AC$5>=$K76,AC$5<=$L76,COUNTIF(휴일!$A$2:$A$20,AC$5)=0),IF($G76="선택","□","■"),"") -> ■ | AD76: =IF(AND(AD$5>=$K76,AD$5<=$L76,COUNTIF(휴일!$A$2:$A$20,AD$5)=0),IF($G76="선택","□","■"),"") | ... AF76: =IF(AND(AF$5>=$K76,AF$5<=$L76,COUNTIF(휴일!$A$2:$A$20,AF$5)=0),IF($G76="선택","□","■"),"")
E77: FR-23, UI-04 | F77: 기본 또는 시연 설정 선택 UI | G77: 필수 | H77: 이영노 | I77: 설정 선택 UI | J77: 선택한 설정이 적재 완료와 만재 판정에 적용됨 | K77: 46325 | L77: 46325 | O77: =IF(OR(K77="",L77=""),0,L77-K77+1-COUNTIFS(휴일!$A$2:$A$20,">="&K77,휴일!$A$2:$A$20,"<="&L77)) -> 1 | P77: =IF(OR(M77="",N77=""),0,N77-M77+1-COUNTIFS(휴일!$A$2:$A$20,">="&M77,휴일!$A$2:$A$20,"<="&N77)) -> 0 | Q77: =IF(O77=0,0,MAX(0,MIN(O77,$L$1-K77+1-COUNTIFS(휴일!$A$2:$A$20,">="&K77,휴일!$A$2:$A$20,"<="&$L$1)))) -> 0 | R77: =IF(P77=0,0,MIN(P77,O77)) -> 0 | S77: =IFERROR(Q77/O77,0) -> 0 | T77: =IFERROR(R77/O77,0) -> 0 | U77: =IF(OR(O77=0,R77=0),0,MIN(1,R77/O77)) -> 0 | V77: =U77-S77 -> 0 | W77: =IF(AND(W$5>=$K77,W$5<=$L77,COUNTIF(휴일!$A$2:$A$20,W$5)=0),IF($G77="선택","□","■"),"") | X77: =IF(AND(X$5>=$K77,X$5<=$L77,COUNTIF(휴일!$A$2:$A$20,X$5)=0),IF($G77="선택","□","■"),"") | Y77: =IF(AND(Y$5>=$K77,Y$5<=$L77,COUNTIF(휴일!$A$2:$A$20,Y$5)=0),IF($G77="선택","□","■"),"") | Z77: =IF(AND(Z$5>=$K77,Z$5<=$L77,COUNTIF(휴일!$A$2:$A$20,Z$5)=0),IF($G77="선택","□","■"),"") -> ■ | AA77: =IF(AND(AA$5>=$K77,AA$5<=$L77,COUNTIF(휴일!$A$2:$A$20,AA$5)=0),IF($G77="선택","□","■"),"") | AB77: =IF(AND(AB$5>=$K77,AB$5<=$L77,COUNTIF(휴일!$A$2:$A$20,AB$5)=0),IF($G77="선택","□","■"),"") | AC77: =IF(AND(AC$5>=$K77,AC$5<=$L77,COUNTIF(휴일!$A$2:$A$20,AC$5)=0),IF($G77="선택","□","■"),"") | AD77: =IF(AND(AD$5>=$K77,AD$5<=$L77,COUNTIF(휴일!$A$2:$A$20,AD$5)=0),IF($G77="선택","□","■"),"") | ... AF77: =IF(AND(AF$5>=$K77,AF$5<=$L77,COUNTIF(휴일!$A$2:$A$20,AF$5)=0),IF($G77="선택","□","■"),"")
E78: FR-23, UI-04 | F78: 현재 L, N 표시 | G78: 필수 | H78: 이영노 | I78: 설정 표시 UI | J78: 선택한 설정의 L, N이 화면에 표시됨 | K78: 46325 | L78: 46325 | O78: =IF(OR(K78="",L78=""),0,L78-K78+1-COUNTIFS(휴일!$A$2:$A$20,">="&K78,휴일!$A$2:$A$20,"<="&L78)) -> 1 | P78: =IF(OR(M78="",N78=""),0,N78-M78+1-COUNTIFS(휴일!$A$2:$A$20,">="&M78,휴일!$A$2:$A$20,"<="&N78)) -> 0 | Q78: =IF(O78=0,0,MAX(0,MIN(O78,$L$1-K78+1-COUNTIFS(휴일!$A$2:$A$20,">="&K78,휴일!$A$2:$A$20,"<="&$L$1)))) -> 0 | R78: =IF(P78=0,0,MIN(P78,O78)) -> 0 | S78: =IFERROR(Q78/O78,0) -> 0 | T78: =IFERROR(R78/O78,0) -> 0 | U78: =IF(OR(O78=0,R78=0),0,MIN(1,R78/O78)) -> 0 | V78: =U78-S78 -> 0 | W78: =IF(AND(W$5>=$K78,W$5<=$L78,COUNTIF(휴일!$A$2:$A$20,W$5)=0),IF($G78="선택","□","■"),"") | X78: =IF(AND(X$5>=$K78,X$5<=$L78,COUNTIF(휴일!$A$2:$A$20,X$5)=0),IF($G78="선택","□","■"),"") | Y78: =IF(AND(Y$5>=$K78,Y$5<=$L78,COUNTIF(휴일!$A$2:$A$20,Y$5)=0),IF($G78="선택","□","■"),"") | Z78: =IF(AND(Z$5>=$K78,Z$5<=$L78,COUNTIF(휴일!$A$2:$A$20,Z$5)=0),IF($G78="선택","□","■"),"") -> ■ | AA78: =IF(AND(AA$5>=$K78,AA$5<=$L78,COUNTIF(휴일!$A$2:$A$20,AA$5)=0),IF($G78="선택","□","■"),"") | AB78: =IF(AND(AB$5>=$K78,AB$5<=$L78,COUNTIF(휴일!$A$2:$A$20,AB$5)=0),IF($G78="선택","□","■"),"") | AC78: =IF(AND(AC$5>=$K78,AC$5<=$L78,COUNTIF(휴일!$A$2:$A$20,AC$5)=0),IF($G78="선택","□","■"),"") | AD78: =IF(AND(AD$5>=$K78,AD$5<=$L78,COUNTIF(휴일!$A$2:$A$20,AD$5)=0),IF($G78="선택","□","■"),"") | ... AF78: =IF(AND(AF$5>=$K78,AF$5<=$L78,COUNTIF(휴일!$A$2:$A$20,AF$5)=0),IF($G78="선택","□","■"),"")
... E82: FR-01~FR-23 | F82: MVP 결함 목록 작성 | G82: 필수 | H82: 이영노 | I82: 결함 목록 | J82: 11/4 수정 대상 결함이 관련 FR과 TC 번호로 기록됨 | K82: 46329 | L82: 46329 | O82: =IF(OR(K82="",L82=""),0,L82-K82+1-COUNTIFS(휴일!$A$2:$A$20,">="&K82,휴일!$A$2:$A$20,"<="&L82)) -> 1 | P82: =IF(OR(M82="",N82=""),0,N82-M82+1-COUNTIFS(휴일!$A$2:$A$20,">="&M82,휴일!$A$2:$A$20,"<="&N82)) -> 0 | Q82: =IF(O82=0,0,MAX(0,MIN(O82,$L$1-K82+1-COUNTIFS(휴일!$A$2:$A$20,">="&K82,휴일!$A$2:$A$20,"<="&$L$1)))) -> 0 | R82: =IF(P82=0,0,MIN(P82,O82)) -> 0 | S82: =IFERROR(Q82/O82,0) -> 0 | T82: =IFERROR(R82/O82,0) -> 0 | U82: =IF(OR(O82=0,R82=0),0,MIN(1,R82/O82)) -> 0 | V82: =U82-S82 -> 0 | W82: =IF(AND(W$5>=$K82,W$5<=$L82,COUNTIF(휴일!$A$2:$A$20,W$5)=0),IF($G82="선택","□","■"),"") | X82: =IF(AND(X$5>=$K82,X$5<=$L82,COUNTIF(휴일!$A$2:$A$20,X$5)=0),IF($G82="선택","□","■"),"") | Y82: =IF(AND(Y$5>=$K82,Y$5<=$L82,COUNTIF(휴일!$A$2:$A$20,Y$5)=0),IF($G82="선택","□","■"),"") | Z82: =IF(AND(Z$5>=$K82,Z$5<=$L82,COUNTIF(휴일!$A$2:$A$20,Z$5)=0),IF($G82="선택","□","■"),"") | AA82: =IF(AND(AA$5>=$K82,AA$5<=$L82,COUNTIF(휴일!$A$2:$A$20,AA$5)=0),IF($G82="선택","□","■"),"") | AB82: =IF(AND(AB$5>=$K82,AB$5<=$L82,COUNTIF(휴일!$A$2:$A$20,AB$5)=0),IF($G82="선택","□","■"),"") | AC82: =IF(AND(AC$5>=$K82,AC$5<=$L82,COUNTIF(휴일!$A$2:$A$20,AC$5)=0),IF($G82="선택","□","■"),"") | AD82: =IF(AND(AD$5>=$K82,AD$5<=$L82,COUNTIF(휴일!$A$2:$A$20,AD$5)=0),IF($G82="선택","□","■"),"") -> ■ | ... AF82: =IF(AND(AF$5>=$K82,AF$5<=$L82,COUNTIF(휴일!$A$2:$A$20,AF$5)=0),IF($G82="선택","□","■"),"")
B84: 5 | C84: 0.1 | D84: 통합 시험과 수정 | E84: FR-01~FR-23 | F84: TC-01~TC-23 기능 시험 재실행 | G84: 필수 | H84: 이영노 | I84: RTM 시험 결과 | J84: TC-01~TC-23 결과를 RTM에 기록. 미통과 항목 결함 등록 | K84: 46330 | L84: 46330 | O84: =IF(OR(K84="",L84=""),0,L84-K84+1-COUNTIFS(휴일!$A$2:$A$20,">="&K84,휴일!$A$2:$A$20,"<="&L84)) -> 1 | P84: =IF(OR(M84="",N84=""),0,N84-M84+1-COUNTIFS(휴일!$A$2:$A$20,">="&M84,휴일!$A$2:$A$20,"<="&N84)) -> 0 | Q84: =IF(O84=0,0,MAX(0,MIN(O84,$L$1-K84+1-COUNTIFS(휴일!$A$2:$A$20,">="&K84,휴일!$A$2:$A$20,"<="&$L$1)))) -> 0 | R84: =IF(P84=0,0,MIN(P84,O84)) -> 0 | S84: =IFERROR(Q84/O84,0) -> 0 | T84: =IFERROR(R84/O84,0) -> 0 | U84: =IF(OR(O84=0,R84=0),0,MIN(1,R84/O84)) -> 0 | V84: =U84-S84 -> 0 | W84: =IF(AND(W$5>=$K84,W$5<=$L84,COUNTIF(휴일!$A$2:$A$20,W$5)=0),IF($G84="선택","□","■"),"") | X84: =IF(AND(X$5>=$K84,X$5<=$L84,COUNTIF(휴일!$A$2:$A$20,X$5)=0),IF($G84="선택","□","■"),"") | Y84: =IF(AND(Y$5>=$K84,Y$5<=$L84,COUNTIF(휴일!$A$2:$A$20,Y$5)=0),IF($G84="선택","□","■"),"") | Z84: =IF(AND(Z$5>=$K84,Z$5<=$L84,COUNTIF(휴일!$A$2:$A$20,Z$5)=0),IF($G84="선택","□","■"),"") | AA84: =IF(AND(AA$5>=$K84,AA$5<=$L84,COUNTIF(휴일!$A$2:$A$20,AA$5)=0),IF($G84="선택","□","■"),"") | AB84: =IF(AND(AB$5>=$K84,AB$5<=$L84,COUNTIF(휴일!$A$2:$A$20,AB$5)=0),IF($G84="선택","□","■"),"") | AC84: =IF(AND(AC$5>=$K84,AC$5<=$L84,COUNTIF(휴일!$A$2:$A$20,AC$5)=0),IF($G84="선택","□","■"),"") | AD84: =IF(AND(AD$5>=$K84,AD$5<=$L84,COUNTIF(휴일!$A$2:$A$20,AD$5)=0),IF($G84="선택","□","■"),"") | ... AF84: =IF(AND(AF$5>=$K84,AF$5<=$L84,COUNTIF(휴일!$A$2:$A$20,AF$5)=0),IF($G84="선택","□","■"),"")
E85: FR-10, FR-22 | F85: 새 끝 스토퍼와 측면 가이드 간섭 확인 | G85: 필수 | H85: 이영노 | I85: 간섭 시험 기록 | J85: 3개 레인 FR5 적재 경로에서 툴, 박스와 스토퍼, 가이드 충돌 없음. 기존 CAD 검사로 대체하지 않음 | K85: 46330 | L85: 46330 | O85: =IF(OR(K85="",L85=""),0,L85-K85+1-COUNTIFS(휴일!$A$2:$A$20,">="&K85,휴일!$A$2:$A$20,"<="&L85)) -> 1 | P85: =IF(OR(M85="",N85=""),0,N85-M85+1-COUNTIFS(휴일!$A$2:$A$20,">="&M85,휴일!$A$2:$A$20,"<="&N85)) -> 0 | Q85: =IF(O85=0,0,MAX(0,MIN(O85,$L$1-K85+1-COUNTIFS(휴일!$A$2:$A$20,">="&K85,휴일!$A$2:$A$20,"<="&$L$1)))) -> 0 | R85: =IF(P85=0,0,MIN(P85,O85)) -> 0 | S85: =IFERROR(Q85/O85,0) -> 0 | T85: =IFERROR(R85/O85,0) -> 0 | U85: =IF(OR(O85=0,R85=0),0,MIN(1,R85/O85)) -> 0 | V85: =U85-S85 -> 0 | W85: =IF(AND(W$5>=$K85,W$5<=$L85,COUNTIF(휴일!$A$2:$A$20,W$5)=0),IF($G85="선택","□","■"),"") | X85: =IF(AND(X$5>=$K85,X$5<=$L85,COUNTIF(휴일!$A$2:$A$20,X$5)=0),IF($G85="선택","□","■"),"") | Y85: =IF(AND(Y$5>=$K85,Y$5<=$L85,COUNTIF(휴일!$A$2:$A$20,Y$5)=0),IF($G85="선택","□","■"),"") | Z85: =IF(AND(Z$5>=$K85,Z$5<=$L85,COUNTIF(휴일!$A$2:$A$20,Z$5)=0),IF($G85="선택","□","■"),"") | AA85: =IF(AND(AA$5>=$K85,AA$5<=$L85,COUNTIF(휴일!$A$2:$A$20,AA$5)=0),IF($G85="선택","□","■"),"") | AB85: =IF(AND(AB$5>=$K85,AB$5<=$L85,COUNTIF(휴일!$A$2:$A$20,AB$5)=0),IF($G85="선택","□","■"),"") | AC85: =IF(AND(AC$5>=$K85,AC$5<=$L85,COUNTIF(휴일!$A$2:$A$20,AC$5)=0),IF($G85="선택","□","■"),"") | AD85: =IF(AND(AD$5>=$K85,AD$5<=$L85,COUNTIF(휴일!$A$2:$A$20,AD$5)=0),IF($G85="선택","□","■"),"") | ... AF85: =IF(AND(AF$5>=$K85,AF$5<=$L85,COUNTIF(휴일!$A$2:$A$20,AF$5)=0),IF($G85="선택","□","■"),"")
E86: FR-01~FR-23 | F86: 시연 설정 통합 시험 | G86: 필수 | H86: 이영노 | I86: 통합 시험 결과 | J86: 시연 L=2, N=3에서 3개 레인 차량 출하와 교체까지 완료 | K86: 46330 | L86: 46330 | O86: =IF(OR(K86="",L86=""),0,L86-K86+1-COUNTIFS(휴일!$A$2:$A$20,">="&K86,휴일!$A$2:$A$20,"<="&L86)) -> 1 | P86: =IF(OR(M86="",N86=""),0,N86-M86+1-COUNTIFS(휴일!$A$2:$A$20,">="&M86,휴일!$A$2:$A$20,"<="&N86)) -> 0 | Q86: =IF(O86=0,0,MAX(0,MIN(O86,$L$1-K86+1-COUNTIFS(휴일!$A$2:$A$20,">="&K86,휴일!$A$2:$A$20,"<="&$L$1)))) -> 0 | R86: =IF(P86=0,0,MIN(P86,O86)) -> 0 | S86: =IFERROR(Q86/O86,0) -> 0 | T86: =IFERROR(R86/O86,0) -> 0 | U86: =IF(OR(O86=0,R86=0),0,MIN(1,R86/O86)) -> 0 | V86: =U86-S86 -> 0 | W86: =IF(AND(W$5>=$K86,W$5<=$L86,COUNTIF(휴일!$A$2:$A$20,W$5)=0),IF($G86="선택","□","■"),"") | X86: =IF(AND(X$5>=$K86,X$5<=$L86,COUNTIF(휴일!$A$2:$A$20,X$5)=0),IF($G86="선택","□","■"),"") | Y86: =IF(AND(Y$5>=$K86,Y$5<=$L86,COUNTIF(휴일!$A$2:$A$20,Y$5)=0),IF($G86="선택","□","■"),"") | Z86: =IF(AND(Z$5>=$K86,Z$5<=$L86,COUNTIF(휴일!$A$2:$A$20,Z$5)=0),IF($G86="선택","□","■"),"") | AA86: =IF(AND(AA$5>=$K86,AA$5<=$L86,COUNTIF(휴일!$A$2:$A$20,AA$5)=0),IF($G86="선택","□","■"),"") | AB86: =IF(AND(AB$5>=$K86,AB$5<=$L86,COUNTIF(휴일!$A$2:$A$20,AB$5)=0),IF($G86="선택","□","■"),"") | AC86: =IF(AND(AC$5>=$K86,AC$5<=$L86,COUNTIF(휴일!$A$2:$A$20,AC$5)=0),IF($G86="선택","□","■"),"") | AD86: =IF(AND(AD$5>=$K86,AD$5<=$L86,COUNTIF(휴일!$A$2:$A$20,AD$5)=0),IF($G86="선택","□","■"),"") | ... AF86: =IF(AND(AF$5>=$K86,AF$5<=$L86,COUNTIF(휴일!$A$2:$A$20,AF$5)=0),IF($G86="선택","□","■"),"")
E87: FR-01~FR-23 | F87: 기본 설정 통합 시험 | G87: 필수 | H87: 이영노 | I87: 통합 시험 결과 | J87: 기본 L=3, N=10에서 3개 레인 차량 출하와 교체까지 완료 | K87: 46330 | L87: 46330 | O87: =IF(OR(K87="",L87=""),0,L87-K87+1-COUNTIFS(휴일!$A$2:$A$20,">="&K87,휴일!$A$2:$A$20,"<="&L87)) -> 1 | P87: =IF(OR(M87="",N87=""),0,N87-M87+1-COUNTIFS(휴일!$A$2:$A$20,">="&M87,휴일!$A$2:$A$20,"<="&N87)) -> 0 | Q87: =IF(O87=0,0,MAX(0,MIN(O87,$L$1-K87+1-COUNTIFS(휴일!$A$2:$A$20,">="&K87,휴일!$A$2:$A$20,"<="&$L$1)))) -> 0 | R87: =IF(P87=0,0,MIN(P87,O87)) -> 0 | S87: =IFERROR(Q87/O87,0) -> 0 | T87: =IFERROR(R87/O87,0) -> 0 | U87: =IF(OR(O87=0,R87=0),0,MIN(1,R87/O87)) -> 0 | V87: =U87-S87 -> 0 | W87: =IF(AND(W$5>=$K87,W$5<=$L87,COUNTIF(휴일!$A$2:$A$20,W$5)=0),IF($G87="선택","□","■"),"") | X87: =IF(AND(X$5>=$K87,X$5<=$L87,COUNTIF(휴일!$A$2:$A$20,X$5)=0),IF($G87="선택","□","■"),"") | Y87: =IF(AND(Y$5>=$K87,Y$5<=$L87,COUNTIF(휴일!$A$2:$A$20,Y$5)=0),IF($G87="선택","□","■"),"") | Z87: =IF(AND(Z$5>=$K87,Z$5<=$L87,COUNTIF(휴일!$A$2:$A$20,Z$5)=0),IF($G87="선택","□","■"),"") | AA87: =IF(AND(AA$5>=$K87,AA$5<=$L87,COUNTIF(휴일!$A$2:$A$20,AA$5)=0),IF($G87="선택","□","■"),"") | AB87: =IF(AND(AB$5>=$K87,AB$5<=$L87,COUNTIF(휴일!$A$2:$A$20,AB$5)=0),IF($G87="선택","□","■"),"") | AC87: =IF(AND(AC$5>=$K87,AC$5<=$L87,COUNTIF(휴일!$A$2:$A$20,AC$5)=0),IF($G87="선택","□","■"),"") | AD87: =IF(AND(AD$5>=$K87,AD$5<=$L87,COUNTIF(휴일!$A$2:$A$20,AD$5)=0),IF($G87="선택","□","■"),"") | ... AF87: =IF(AND(AF$5>=$K87,AF$5<=$L87,COUNTIF(휴일!$A$2:$A$20,AF$5)=0),IF($G87="선택","□","■"),"")
E88: NFR-01 | F88: FPS 측정 | G88: 필수 | H88: 이영노 | I88: TC-25 결과 | J88: TC-25 측정값 기록. 합격 수치는 측정 후 확정 | K88: 46330 | L88: 46330 | O88: =IF(OR(K88="",L88=""),0,L88-K88+1-COUNTIFS(휴일!$A$2:$A$20,">="&K88,휴일!$A$2:$A$20,"<="&L88)) -> 1 | P88: =IF(OR(M88="",N88=""),0,N88-M88+1-COUNTIFS(휴일!$A$2:$A$20,">="&M88,휴일!$A$2:$A$20,"<="&N88)) -> 0 | Q88: =IF(O88=0,0,MAX(0,MIN(O88,$L$1-K88+1-COUNTIFS(휴일!$A$2:$A$20,">="&K88,휴일!$A$2:$A$20,"<="&$L$1)))) -> 0 | R88: =IF(P88=0,0,MIN(P88,O88)) -> 0 | S88: =IFERROR(Q88/O88,0) -> 0 | T88: =IFERROR(R88/O88,0) -> 0 | U88: =IF(OR(O88=0,R88=0),0,MIN(1,R88/O88)) -> 0 | V88: =U88-S88 -> 0 | W88: =IF(AND(W$5>=$K88,W$5<=$L88,COUNTIF(휴일!$A$2:$A$20,W$5)=0),IF($G88="선택","□","■"),"") | X88: =IF(AND(X$5>=$K88,X$5<=$L88,COUNTIF(휴일!$A$2:$A$20,X$5)=0),IF($G88="선택","□","■"),"") | Y88: =IF(AND(Y$5>=$K88,Y$5<=$L88,COUNTIF(휴일!$A$2:$A$20,Y$5)=0),IF($G88="선택","□","■"),"") | Z88: =IF(AND(Z$5>=$K88,Z$5<=$L88,COUNTIF(휴일!$A$2:$A$20,Z$5)=0),IF($G88="선택","□","■"),"") | AA88: =IF(AND(AA$5>=$K88,AA$5<=$L88,COUNTIF(휴일!$A$2:$A$20,AA$5)=0),IF($G88="선택","□","■"),"") | AB88: =IF(AND(AB$5>=$K88,AB$5<=$L88,COUNTIF(휴일!$A$2:$A$20,AB$5)=0),IF($G88="선택","□","■"),"") | AC88: =IF(AND(AC$5>=$K88,AC$5<=$L88,COUNTIF(휴일!$A$2:$A$20,AC$5)=0),IF($G88="선택","□","■"),"") | AD88: =IF(AND(AD$5>=$K88,AD$5<=$L88,COUNTIF(휴일!$A$2:$A$20,AD$5)=0),IF($G88="선택","□","■"),"") | ... AF88: =IF(AND(AF$5>=$K88,AF$5<=$L88,COUNTIF(휴일!$A$2:$A$20,AF$5)=0),IF($G88="선택","□","■"),"")
E89: NFR-02 | F89: 처리량과 상태 갱신 간격 측정 | G89: 필수 | H89: 이영노 | I89: TC-26 결과 | J89: TC-26 측정값 기록. 합격 수치는 측정 후 확정 | K89: 46330 | L89: 46330 | O89: =IF(OR(K89="",L89=""),0,L89-K89+1-COUNTIFS(휴일!$A$2:$A$20,">="&K89,휴일!$A$2:$A$20,"<="&L89)) -> 1 | P89: =IF(OR(M89="",N89=""),0,N89-M89+1-COUNTIFS(휴일!$A$2:$A$20,">="&M89,휴일!$A$2:$A$20,"<="&N89)) -> 0 | Q89: =IF(O89=0,0,MAX(0,MIN(O89,$L$1-K89+1-COUNTIFS(휴일!$A$2:$A$20,">="&K89,휴일!$A$2:$A$20,"<="&$L$1)))) -> 0 | R89: =IF(P89=0,0,MIN(P89,O89)) -> 0 | S89: =IFERROR(Q89/O89,0) -> 0 | T89: =IFERROR(R89/O89,0) -> 0 | U89: =IF(OR(O89=0,R89=0),0,MIN(1,R89/O89)) -> 0 | V89: =U89-S89 -> 0 | W89: =IF(AND(W$5>=$K89,W$5<=$L89,COUNTIF(휴일!$A$2:$A$20,W$5)=0),IF($G89="선택","□","■"),"") | X89: =IF(AND(X$5>=$K89,X$5<=$L89,COUNTIF(휴일!$A$2:$A$20,X$5)=0),IF($G89="선택","□","■"),"") | Y89: =IF(AND(Y$5>=$K89,Y$5<=$L89,COUNTIF(휴일!$A$2:$A$20,Y$5)=0),IF($G89="선택","□","■"),"") | Z89: =IF(AND(Z$5>=$K89,Z$5<=$L89,COUNTIF(휴일!$A$2:$A$20,Z$5)=0),IF($G89="선택","□","■"),"") | AA89: =IF(AND(AA$5>=$K89,AA$5<=$L89,COUNTIF(휴일!$A$2:$A$20,AA$5)=0),IF($G89="선택","□","■"),"") | AB89: =IF(AND(AB$5>=$K89,AB$5<=$L89,COUNTIF(휴일!$A$2:$A$20,AB$5)=0),IF($G89="선택","□","■"),"") | AC89: =IF(AND(AC$5>=$K89,AC$5<=$L89,COUNTIF(휴일!$A$2:$A$20,AC$5)=0),IF($G89="선택","□","■"),"") | AD89: =IF(AND(AD$5>=$K89,AD$5<=$L89,COUNTIF(휴일!$A$2:$A$20,AD$5)=0),IF($G89="선택","□","■"),"") | ... AF89: =IF(AND(AF$5>=$K89,AF$5<=$L89,COUNTIF(휴일!$A$2:$A$20,AF$5)=0),IF($G89="선택","□","■"),"")
E90: NFR-03 | F90: 바코드 판독 성공 수와 판독 시간 측정 | G90: 필수 | H90: 이영노 | I90: TC-27 결과 | J90: TC-27 측정값 기록. 합격 수치는 측정 후 확정 | K90: 46330 | L90: 46330 | O90: =IF(OR(K90="",L90=""),0,L90-K90+1-COUNTIFS(휴일!$A$2:$A$20,">="&K90,휴일!$A$2:$A$20,"<="&L90)) -> 1 | P90: =IF(OR(M90="",N90=""),0,N90-M90+1-COUNTIFS(휴일!$A$2:$A$20,">="&M90,휴일!$A$2:$A$20,"<="&N90)) -> 0 | Q90: =IF(O90=0,0,MAX(0,MIN(O90,$L$1-K90+1-COUNTIFS(휴일!$A$2:$A$20,">="&K90,휴일!$A$2:$A$20,"<="&$L$1)))) -> 0 | R90: =IF(P90=0,0,MIN(P90,O90)) -> 0 | S90: =IFERROR(Q90/O90,0) -> 0 | T90: =IFERROR(R90/O90,0) -> 0 | U90: =IF(OR(O90=0,R90=0),0,MIN(1,R90/O90)) -> 0 | V90: =U90-S90 -> 0 | W90: =IF(AND(W$5>=$K90,W$5<=$L90,COUNTIF(휴일!$A$2:$A$20,W$5)=0),IF($G90="선택","□","■"),"") | X90: =IF(AND(X$5>=$K90,X$5<=$L90,COUNTIF(휴일!$A$2:$A$20,X$5)=0),IF($G90="선택","□","■"),"") | Y90: =IF(AND(Y$5>=$K90,Y$5<=$L90,COUNTIF(휴일!$A$2:$A$20,Y$5)=0),IF($G90="선택","□","■"),"") | Z90: =IF(AND(Z$5>=$K90,Z$5<=$L90,COUNTIF(휴일!$A$2:$A$20,Z$5)=0),IF($G90="선택","□","■"),"") | AA90: =IF(AND(AA$5>=$K90,AA$5<=$L90,COUNTIF(휴일!$A$2:$A$20,AA$5)=0),IF($G90="선택","□","■"),"") | AB90: =IF(AND(AB$5>=$K90,AB$5<=$L90,COUNTIF(휴일!$A$2:$A$20,AB$5)=0),IF($G90="선택","□","■"),"") | AC90: =IF(AND(AC$5>=$K90,AC$5<=$L90,COUNTIF(휴일!$A$2:$A$20,AC$5)=0),IF($G90="선택","□","■"),"") | AD90: =IF(AND(AD$5>=$K90,AD$5<=$L90,COUNTIF(휴일!$A$2:$A$20,AD$5)=0),IF($G90="선택","□","■"),"") | ... AF90: =IF(AND(AF$5>=$K90,AF$5<=$L90,COUNTIF(휴일!$A$2:$A$20,AF$5)=0),IF($G90="선택","□","■"),"")
E91: NFR-05 | F91: Windows 10, Windows 11 실행 시험 | G91: 필수 | H91: 이영노 | I91: TC-29 결과 | J91: TC-29 통과: 두 OS에서 한 사이클 시연 | K91: 46330 | L91: 46330 | O91: =IF(OR(K91="",L91=""),0,L91-K91+1-COUNTIFS(휴일!$A$2:$A$20,">="&K91,휴일!$A$2:$A$20,"<="&L91)) -> 1 | P91: =IF(OR(M91="",N91=""),0,N91-M91+1-COUNTIFS(휴일!$A$2:$A$20,">="&M91,휴일!$A$2:$A$20,"<="&N91)) -> 0 | Q91: =IF(O91=0,0,MAX(0,MIN(O91,$L$1-K91+1-COUNTIFS(휴일!$A$2:$A$20,">="&K91,휴일!$A$2:$A$20,"<="&$L$1)))) -> 0 | R91: =IF(P91=0,0,MIN(P91,O91)) -> 0 | S91: =IFERROR(Q91/O91,0) -> 0 | T91: =IFERROR(R91/O91,0) -> 0 | U91: =IF(OR(O91=0,R91=0),0,MIN(1,R91/O91)) -> 0 | V91: =U91-S91 -> 0 | W91: =IF(AND(W$5>=$K91,W$5<=$L91,COUNTIF(휴일!$A$2:$A$20,W$5)=0),IF($G91="선택","□","■"),"") | X91: =IF(AND(X$5>=$K91,X$5<=$L91,COUNTIF(휴일!$A$2:$A$20,X$5)=0),IF($G91="선택","□","■"),"") | Y91: =IF(AND(Y$5>=$K91,Y$5<=$L91,COUNTIF(휴일!$A$2:$A$20,Y$5)=0),IF($G91="선택","□","■"),"") | Z91: =IF(AND(Z$5>=$K91,Z$5<=$L91,COUNTIF(휴일!$A$2:$A$20,Z$5)=0),IF($G91="선택","□","■"),"") | AA91: =IF(AND(AA$5>=$K91,AA$5<=$L91,COUNTIF(휴일!$A$2:$A$20,AA$5)=0),IF($G91="선택","□","■"),"") | AB91: =IF(AND(AB$5>=$K91,AB$5<=$L91,COUNTIF(휴일!$A$2:$A$20,AB$5)=0),IF($G91="선택","□","■"),"") | AC91: =IF(AND(AC$5>=$K91,AC$5<=$L91,COUNTIF(휴일!$A$2:$A$20,AC$5)=0),IF($G91="선택","□","■"),"") | AD91: =IF(AND(AD$5>=$K91,AD$5<=$L91,COUNTIF(휴일!$A$2:$A$20,AD$5)=0),IF($G91="선택","□","■"),"") | ... AF91: =IF(AND(AF$5>=$K91,AF$5<=$L91,COUNTIF(휴일!$A$2:$A$20,AF$5)=0),IF($G91="선택","□","■"),"")
E92: NFR-06 | F92: 화면 수치와 기록 비교 | G92: 필수 | H92: 이영노 | I92: TC-30 결과 | J92: TC-30 통과: 박스, 레인, 파레트, 차량 기록이 화면값과 일치 | K92: 46330 | L92: 46330 | O92: =IF(OR(K92="",L92=""),0,L92-K92+1-COUNTIFS(휴일!$A$2:$A$20,">="&K92,휴일!$A$2:$A$20,"<="&L92)) -> 1 | P92: =IF(OR(M92="",N92=""),0,N92-M92+1-COUNTIFS(휴일!$A$2:$A$20,">="&M92,휴일!$A$2:$A$20,"<="&N92)) -> 0 | Q92: =IF(O92=0,0,MAX(0,MIN(O92,$L$1-K92+1-COUNTIFS(휴일!$A$2:$A$20,">="&K92,휴일!$A$2:$A$20,"<="&$L$1)))) -> 0 | R92: =IF(P92=0,0,MIN(P92,O92)) -> 0 | S92: =IFERROR(Q92/O92,0) -> 0 | T92: =IFERROR(R92/O92,0) -> 0 | U92: =IF(OR(O92=0,R92=0),0,MIN(1,R92/O92)) -> 0 | V92: =U92-S92 -> 0 | W92: =IF(AND(W$5>=$K92,W$5<=$L92,COUNTIF(휴일!$A$2:$A$20,W$5)=0),IF($G92="선택","□","■"),"") | X92: =IF(AND(X$5>=$K92,X$5<=$L92,COUNTIF(휴일!$A$2:$A$20,X$5)=0),IF($G92="선택","□","■"),"") | Y92: =IF(AND(Y$5>=$K92,Y$5<=$L92,COUNTIF(휴일!$A$2:$A$20,Y$5)=0),IF($G92="선택","□","■"),"") | Z92: =IF(AND(Z$5>=$K92,Z$5<=$L92,COUNTIF(휴일!$A$2:$A$20,Z$5)=0),IF($G92="선택","□","■"),"") | AA92: =IF(AND(AA$5>=$K92,AA$5<=$L92,COUNTIF(휴일!$A$2:$A$20,AA$5)=0),IF($G92="선택","□","■"),"") | AB92: =IF(AND(AB$5>=$K92,AB$5<=$L92,COUNTIF(휴일!$A$2:$A$20,AB$5)=0),IF($G92="선택","□","■"),"") | AC92: =IF(AND(AC$5>=$K92,AC$5<=$L92,COUNTIF(휴일!$A$2:$A$20,AC$5)=0),IF($G92="선택","□","■"),"") | AD92: =IF(AND(AD$5>=$K92,AD$5<=$L92,COUNTIF(휴일!$A$2:$A$20,AD$5)=0),IF($G92="선택","□","■"),"") | ... AF92: =IF(AND(AF$5>=$K92,AF$5<=$L92,COUNTIF(휴일!$A$2:$A$20,AF$5)=0),IF($G92="선택","□","■"),"")
E93: NFR-07 | F93: 연속 운전 시험 | G93: 필수 | H93: 이영노 | I93: TC-31 결과 | J93: TC-31 실행: 운전 시간과 합격 기준 확정 후 멈춤과 오류 기록 | K93: 46330 | L93: 46330 | O93: =IF(OR(K93="",L93=""),0,L93-K93+1-COUNTIFS(휴일!$A$2:$A$20,">="&K93,휴일!$A$2:$A$20,"<="&L93)) -> 1 | P93: =IF(OR(M93="",N93=""),0,N93-M93+1-COUNTIFS(휴일!$A$2:$A$20,">="&M93,휴일!$A$2:$A$20,"<="&N93)) -> 0 | Q93: =IF(O93=0,0,MAX(0,MIN(O93,$L$1-K93+1-COUNTIFS(휴일!$A$2:$A$20,">="&K93,휴일!$A$2:$A$20,"<="&$L$1)))) -> 0 | R93: =IF(P93=0,0,MIN(P93,O93)) -> 0 | S93: =IFERROR(Q93/O93,0) -> 0 | T93: =IFERROR(R93/O93,0) -> 0 | U93: =IF(OR(O93=0,R93=0),0,MIN(1,R93/O93)) -> 0 | V93: =U93-S93 -> 0 | W93: =IF(AND(W$5>=$K93,W$5<=$L93,COUNTIF(휴일!$A$2:$A$20,W$5)=0),IF($G93="선택","□","■"),"") | X93: =IF(AND(X$5>=$K93,X$5<=$L93,COUNTIF(휴일!$A$2:$A$20,X$5)=0),IF($G93="선택","□","■"),"") | Y93: =IF(AND(Y$5>=$K93,Y$5<=$L93,COUNTIF(휴일!$A$2:$A$20,Y$5)=0),IF($G93="선택","□","■"),"") | Z93: =IF(AND(Z$5>=$K93,Z$5<=$L93,COUNTIF(휴일!$A$2:$A$20,Z$5)=0),IF($G93="선택","□","■"),"") | AA93: =IF(AND(AA$5>=$K93,AA$5<=$L93,COUNTIF(휴일!$A$2:$A$20,AA$5)=0),IF($G93="선택","□","■"),"") | AB93: =IF(AND(AB$5>=$K93,AB$5<=$L93,COUNTIF(휴일!$A$2:$A$20,AB$5)=0),IF($G93="선택","□","■"),"") | AC93: =IF(AND(AC$5>=$K93,AC$5<=$L93,COUNTIF(휴일!$A$2:$A$20,AC$5)=0),IF($G93="선택","□","■"),"") | AD93: =IF(AND(AD$5>=$K93,AD$5<=$L93,COUNTIF(휴일!$A$2:$A$20,AD$5)=0),IF($G93="선택","□","■"),"") | ... AF93: =IF(AND(AF$5>=$K93,AF$5<=$L93,COUNTIF(휴일!$A$2:$A$20,AF$5)=0),IF($G93="선택","□","■"),"")
E94: FR-01~FR-23 | F94: 결함 수정 | G94: 필수 | H94: 이영노 | I94: 수정 빌드 | J94: 등록한 결함이 모두 수정됨 | K94: 46330 | L94: 46330 | O94: =IF(OR(K94="",L94=""),0,L94-K94+1-COUNTIFS(휴일!$A$2:$A$20,">="&K94,휴일!$A$2:$A$20,"<="&L94)) -> 1 | P94: =IF(OR(M94="",N94=""),0,N94-M94+1-COUNTIFS(휴일!$A$2:$A$20,">="&M94,휴일!$A$2:$A$20,"<="&N94)) -> 0 | Q94: =IF(O94=0,0,MAX(0,MIN(O94,$L$1-K94+1-COUNTIFS(휴일!$A$2:$A$20,">="&K94,휴일!$A$2:$A$20,"<="&$L$1)))) -> 0 | R94: =IF(P94=0,0,MIN(P94,O94)) -> 0 | S94: =IFERROR(Q94/O94,0) -> 0 | T94: =IFERROR(R94/O94,0) -> 0 | U94: =IF(OR(O94=0,R94=0),0,MIN(1,R94/O94)) -> 0 | V94: =U94-S94 -> 0 | W94: =IF(AND(W$5>=$K94,W$5<=$L94,COUNTIF(휴일!$A$2:$A$20,W$5)=0),IF($G94="선택","□","■"),"") | X94: =IF(AND(X$5>=$K94,X$5<=$L94,COUNTIF(휴일!$A$2:$A$20,X$5)=0),IF($G94="선택","□","■"),"") | Y94: =IF(AND(Y$5>=$K94,Y$5<=$L94,COUNTIF(휴일!$A$2:$A$20,Y$5)=0),IF($G94="선택","□","■"),"") | Z94: =IF(AND(Z$5>=$K94,Z$5<=$L94,COUNTIF(휴일!$A$2:$A$20,Z$5)=0),IF($G94="선택","□","■"),"") | AA94: =IF(AND(AA$5>=$K94,AA$5<=$L94,COUNTIF(휴일!$A$2:$A$20,AA$5)=0),IF($G94="선택","□","■"),"") | AB94: =IF(AND(AB$5>=$K94,AB$5<=$L94,COUNTIF(휴일!$A$2:$A$20,AB$5)=0),IF($G94="선택","□","■"),"") | AC94: =IF(AND(AC$5>=$K94,AC$5<=$L94,COUNTIF(휴일!$A$2:$A$20,AC$5)=0),IF($G94="선택","□","■"),"") | AD94: =IF(AND(AD$5>=$K94,AD$5<=$L94,COUNTIF(휴일!$A$2:$A$20,AD$5)=0),IF($G94="선택","□","■"),"") | ... AF94: =IF(AND(AF$5>=$K94,AF$5<=$L94,COUNTIF(휴일!$A$2:$A$20,AF$5)=0),IF($G94="선택","□","■"),"")
E95: FR-01~FR-23 | F95: 미통과 TC 재시험 | G95: 필수 | H95: 이영노 | I95: RTM 시험 결과 | J95: 수정한 결함의 TC 재시험 통과 | K95: 46330 | L95: 46330 | O95: =IF(OR(K95="",L95=""),0,L95-K95+1-COUNTIFS(휴일!$A$2:$A$20,">="&K95,휴일!$A$2:$A$20,"<="&L95)) -> 1 | P95: =IF(OR(M95="",N95=""),0,N95-M95+1-COUNTIFS(휴일!$A$2:$A$20,">="&M95,휴일!$A$2:$A$20,"<="&N95)) -> 0 | Q95: =IF(O95=0,0,MAX(0,MIN(O95,$L$1-K95+1-COUNTIFS(휴일!$A$2:$A$20,">="&K95,휴일!$A$2:$A$20,"<="&$L$1)))) -> 0 | R95: =IF(P95=0,0,MIN(P95,O95)) -> 0 | S95: =IFERROR(Q95/O95,0) -> 0 | T95: =IFERROR(R95/O95,0) -> 0 | U95: =IF(OR(O95=0,R95=0),0,MIN(1,R95/O95)) -> 0 | V95: =U95-S95 -> 0 | W95: =IF(AND(W$5>=$K95,W$5<=$L95,COUNTIF(휴일!$A$2:$A$20,W$5)=0),IF($G95="선택","□","■"),"") | X95: =IF(AND(X$5>=$K95,X$5<=$L95,COUNTIF(휴일!$A$2:$A$20,X$5)=0),IF($G95="선택","□","■"),"") | Y95: =IF(AND(Y$5>=$K95,Y$5<=$L95,COUNTIF(휴일!$A$2:$A$20,Y$5)=0),IF($G95="선택","□","■"),"") | Z95: =IF(AND(Z$5>=$K95,Z$5<=$L95,COUNTIF(휴일!$A$2:$A$20,Z$5)=0),IF($G95="선택","□","■"),"") | AA95: =IF(AND(AA$5>=$K95,AA$5<=$L95,COUNTIF(휴일!$A$2:$A$20,AA$5)=0),IF($G95="선택","□","■"),"") | AB95: =IF(AND(AB$5>=$K95,AB$5<=$L95,COUNTIF(휴일!$A$2:$A$20,AB$5)=0),IF($G95="선택","□","■"),"") | AC95: =IF(AND(AC$5>=$K95,AC$5<=$L95,COUNTIF(휴일!$A$2:$A$20,AC$5)=0),IF($G95="선택","□","■"),"") | AD95: =IF(AND(AD$5>=$K95,AD$5<=$L95,COUNTIF(휴일!$A$2:$A$20,AD$5)=0),IF($G95="선택","□","■"),"") | ... AF95: =IF(AND(AF$5>=$K95,AF$5<=$L95,COUNTIF(휴일!$A$2:$A$20,AF$5)=0),IF($G95="선택","□","■"),"")
B97: 6 | C97: 0.1 | D97: 발표 준비 | E97: FR-02, FR-23 | F97: 시연 설정 한 사이클 영상 촬영 | G97: 필수 | H97: 이영노 | I97: 시연 영상 | J97: 4개 뷰가 포함된 투입부터 차량 출하까지 영상 | K97: 46331 | L97: 46331 | O97: =IF(OR(K97="",L97=""),0,L97-K97+1-COUNTIFS(휴일!$A$2:$A$20,">="&K97,휴일!$A$2:$A$20,"<="&L97)) -> 1 | P97: =IF(OR(M97="",N97=""),0,N97-M97+1-COUNTIFS(휴일!$A$2:$A$20,">="&M97,휴일!$A$2:$A$20,"<="&N97)) -> 0 | Q97: =IF(O97=0,0,MAX(0,MIN(O97,$L$1-K97+1-COUNTIFS(휴일!$A$2:$A$20,">="&K97,휴일!$A$2:$A$20,"<="&$L$1)))) -> 0 | R97: =IF(P97=0,0,MIN(P97,O97)) -> 0 | S97: =IFERROR(Q97/O97,0) -> 0 | T97: =IFERROR(R97/O97,0) -> 0 | U97: =IF(OR(O97=0,R97=0),0,MIN(1,R97/O97)) -> 0 | V97: =U97-S97 -> 0 | W97: =IF(AND(W$5>=$K97,W$5<=$L97,COUNTIF(휴일!$A$2:$A$20,W$5)=0),IF($G97="선택","□","■"),"") | X97: =IF(AND(X$5>=$K97,X$5<=$L97,COUNTIF(휴일!$A$2:$A$20,X$5)=0),IF($G97="선택","□","■"),"") | Y97: =IF(AND(Y$5>=$K97,Y$5<=$L97,COUNTIF(휴일!$A$2:$A$20,Y$5)=0),IF($G97="선택","□","■"),"") | Z97: =IF(AND(Z$5>=$K97,Z$5<=$L97,COUNTIF(휴일!$A$2:$A$20,Z$5)=0),IF($G97="선택","□","■"),"") | AA97: =IF(AND(AA$5>=$K97,AA$5<=$L97,COUNTIF(휴일!$A$2:$A$20,AA$5)=0),IF($G97="선택","□","■"),"") | AB97: =IF(AND(AB$5>=$K97,AB$5<=$L97,COUNTIF(휴일!$A$2:$A$20,AB$5)=0),IF($G97="선택","□","■"),"") | AC97: =IF(AND(AC$5>=$K97,AC$5<=$L97,COUNTIF(휴일!$A$2:$A$20,AC$5)=0),IF($G97="선택","□","■"),"") | AD97: =IF(AND(AD$5>=$K97,AD$5<=$L97,COUNTIF(휴일!$A$2:$A$20,AD$5)=0),IF($G97="선택","□","■"),"") | ... AF97: =IF(AND(AF$5>=$K97,AF$5<=$L97,COUNTIF(휴일!$A$2:$A$20,AF$5)=0),IF($G97="선택","□","■"),"") -> ■
E98: FR-01~FR-23 NFR-01~NFR-07 | F98: 발표자료 작성 | G98: 필수 | H98: 이영노 | I98: 발표자료 | J98: SRS 요구사항, TC-01~TC-31 결과, 시연 영상 포함 | K98: 46331 | L98: 46331 | O98: =IF(OR(K98="",L98=""),0,L98-K98+1-COUNTIFS(휴일!$A$2:$A$20,">="&K98,휴일!$A$2:$A$20,"<="&L98)) -> 1 | P98: =IF(OR(M98="",N98=""),0,N98-M98+1-COUNTIFS(휴일!$A$2:$A$20,">="&M98,휴일!$A$2:$A$20,"<="&N98)) -> 0 | Q98: =IF(O98=0,0,MAX(0,MIN(O98,$L$1-K98+1-COUNTIFS(휴일!$A$2:$A$20,">="&K98,휴일!$A$2:$A$20,"<="&$L$1)))) -> 0 | R98: =IF(P98=0,0,MIN(P98,O98)) -> 0 | S98: =IFERROR(Q98/O98,0) -> 0 | T98: =IFERROR(R98/O98,0) -> 0 | U98: =IF(OR(O98=0,R98=0),0,MIN(1,R98/O98)) -> 0 | V98: =U98-S98 -> 0 | W98: =IF(AND(W$5>=$K98,W$5<=$L98,COUNTIF(휴일!$A$2:$A$20,W$5)=0),IF($G98="선택","□","■"),"") | X98: =IF(AND(X$5>=$K98,X$5<=$L98,COUNTIF(휴일!$A$2:$A$20,X$5)=0),IF($G98="선택","□","■"),"") | Y98: =IF(AND(Y$5>=$K98,Y$5<=$L98,COUNTIF(휴일!$A$2:$A$20,Y$5)=0),IF($G98="선택","□","■"),"") | Z98: =IF(AND(Z$5>=$K98,Z$5<=$L98,COUNTIF(휴일!$A$2:$A$20,Z$5)=0),IF($G98="선택","□","■"),"") | AA98: =IF(AND(AA$5>=$K98,AA$5<=$L98,COUNTIF(휴일!$A$2:$A$20,AA$5)=0),IF($G98="선택","□","■"),"") | AB98: =IF(AND(AB$5>=$K98,AB$5<=$L98,COUNTIF(휴일!$A$2:$A$20,AB$5)=0),IF($G98="선택","□","■"),"") | AC98: =IF(AND(AC$5>=$K98,AC$5<=$L98,COUNTIF(휴일!$A$2:$A$20,AC$5)=0),IF($G98="선택","□","■"),"") | AD98: =IF(AND(AD$5>=$K98,AD$5<=$L98,COUNTIF(휴일!$A$2:$A$20,AD$5)=0),IF($G98="선택","□","■"),"") | ... AF98: =IF(AND(AF$5>=$K98,AF$5<=$L98,COUNTIF(휴일!$A$2:$A$20,AF$5)=0),IF($G98="선택","□","■"),"") -> ■
E99: NFR-05 | F99: 최종 Windows 빌드 | G99: 필수 | H99: 이영노 | I99: Windows 빌드 | J99: 최종 빌드에서 시연 설정 한 사이클 실행 | K99: 46331 | L99: 46331 | O99: =IF(OR(K99="",L99=""),0,L99-K99+1-COUNTIFS(휴일!$A$2:$A$20,">="&K99,휴일!$A$2:$A$20,"<="&L99)) -> 1 | P99: =IF(OR(M99="",N99=""),0,N99-M99+1-COUNTIFS(휴일!$A$2:$A$20,">="&M99,휴일!$A$2:$A$20,"<="&N99)) -> 0 | Q99: =IF(O99=0,0,MAX(0,MIN(O99,$L$1-K99+1-COUNTIFS(휴일!$A$2:$A$20,">="&K99,휴일!$A$2:$A$20,"<="&$L$1)))) -> 0 | R99: =IF(P99=0,0,MIN(P99,O99)) -> 0 | S99: =IFERROR(Q99/O99,0) -> 0 | T99: =IFERROR(R99/O99,0) -> 0 | U99: =IF(OR(O99=0,R99=0),0,MIN(1,R99/O99)) -> 0 | V99: =U99-S99 -> 0 | W99: =IF(AND(W$5>=$K99,W$5<=$L99,COUNTIF(휴일!$A$2:$A$20,W$5)=0),IF($G99="선택","□","■"),"") | X99: =IF(AND(X$5>=$K99,X$5<=$L99,COUNTIF(휴일!$A$2:$A$20,X$5)=0),IF($G99="선택","□","■"),"") | Y99: =IF(AND(Y$5>=$K99,Y$5<=$L99,COUNTIF(휴일!$A$2:$A$20,Y$5)=0),IF($G99="선택","□","■"),"") | Z99: =IF(AND(Z$5>=$K99,Z$5<=$L99,COUNTIF(휴일!$A$2:$A$20,Z$5)=0),IF($G99="선택","□","■"),"") | AA99: =IF(AND(AA$5>=$K99,AA$5<=$L99,COUNTIF(휴일!$A$2:$A$20,AA$5)=0),IF($G99="선택","□","■"),"") | AB99: =IF(AND(AB$5>=$K99,AB$5<=$L99,COUNTIF(휴일!$A$2:$A$20,AB$5)=0),IF($G99="선택","□","■"),"") | AC99: =IF(AND(AC$5>=$K99,AC$5<=$L99,COUNTIF(휴일!$A$2:$A$20,AC$5)=0),IF($G99="선택","□","■"),"") | AD99: =IF(AND(AD$5>=$K99,AD$5<=$L99,COUNTIF(휴일!$A$2:$A$20,AD$5)=0),IF($G99="선택","□","■"),"") | ... AF99: =IF(AND(AF$5>=$K99,AF$5<=$L99,COUNTIF(휴일!$A$2:$A$20,AF$5)=0),IF($G99="선택","□","■"),"") -> ■
E100: FR-01~FR-23 | F100: 최종 발표 | G100: 필수 | H100: 이영노 | I100: 발표 | J100: 시연 영상과 발표자료로 발표 완료 | K100: 46331 | L100: 46331 | O100: =IF(OR(K100="",L100=""),0,L100-K100+1-COUNTIFS(휴일!$A$2:$A$20,">="&K100,휴일!$A$2:$A$20,"<="&L100)) -> 1 | P100: =IF(OR(M100="",N100=""),0,N100-M100+1-COUNTIFS(휴일!$A$2:$A$20,">="&M100,휴일!$A$2:$A$20,"<="&N100)) -> 0 | Q100: =IF(O100=0,0,MAX(0,MIN(O100,$L$1-K100+1-COUNTIFS(휴일!$A$2:$A$20,">="&K100,휴일!$A$2:$A$20,"<="&$L$1)))) -> 0 | R100: =IF(P100=0,0,MIN(P100,O100)) -> 0 | S100: =IFERROR(Q100/O100,0) -> 0 | T100: =IFERROR(R100/O100,0) -> 0 | U100: =IF(OR(O100=0,R100=0),0,MIN(1,R100/O100)) -> 0 | V100: =U100-S100 -> 0 | W100: =IF(AND(W$5>=$K100,W$5<=$L100,COUNTIF(휴일!$A$2:$A$20,W$5)=0),IF($G100="선택","□","■"),"") | X100: =IF(AND(X$5>=$K100,X$5<=$L100,COUNTIF(휴일!$A$2:$A$20,X$5)=0),IF($G100="선택","□","■"),"") | Y100: =IF(AND(Y$5>=$K100,Y$5<=$L100,COUNTIF(휴일!$A$2:$A$20,Y$5)=0),IF($G100="선택","□","■"),"") | Z100: =IF(AND(Z$5>=$K100,Z$5<=$L100,COUNTIF(휴일!$A$2:$A$20,Z$5)=0),IF($G100="선택","□","■"),"") | AA100: =IF(AND(AA$5>=$K100,AA$5<=$L100,COUNTIF(휴일!$A$2:$A$20,AA$5)=0),IF($G100="선택","□","■"),"") | AB100: =IF(AND(AB$5>=$K100,AB$5<=$L100,COUNTIF(휴일!$A$2:$A$20,AB$5)=0),IF($G100="선택","□","■"),"") | AC100: =IF(AND(AC$5>=$K100,AC$5<=$L100,COUNTIF(휴일!$A$2:$A$20,AC$5)=0),IF($G100="선택","□","■"),"") | AD100: =IF(AND(AD$5>=$K100,AD$5<=$L100,COUNTIF(휴일!$A$2:$A$20,AD$5)=0),IF($G100="선택","□","■"),"") | ... AF100: =IF(AND(AF$5>=$K100,AF$5<=$L100,COUNTIF(휴일!$A$2:$A$20,AF$5)=0),IF($G100="선택","□","■"),"") -> ■
B102: 7 | C102: 0 | D102: 선택 확장 (FR-24) | E102: FR-24 | F102: Unity 카메라 합성 이미지와 위치, 회전 정답 수집 | G102: 선택 | H102: 이영노 | I102: 학습 데이터 | J102: 11/4 시험과 수정 완료 후 착수. 박스 위치와 수평 회전각 정답 포함 | K102: 46330 | L102: 46330 | O102: =IF(OR(K102="",L102=""),0,L102-K102+1-COUNTIFS(휴일!$A$2:$A$20,">="&K102,휴일!$A$2:$A$20,"<="&L102)) -> 1 | P102: =IF(OR(M102="",N102=""),0,N102-M102+1-COUNTIFS(휴일!$A$2:$A$20,">="&M102,휴일!$A$2:$A$20,"<="&N102)) -> 0 | Q102: =IF(O102=0,0,MAX(0,MIN(O102,$L$1-K102+1-COUNTIFS(휴일!$A$2:$A$20,">="&K102,휴일!$A$2:$A$20,"<="&$L$1)))) -> 0 | R102: =IF(P102=0,0,MIN(P102,O102)) -> 0 | S102: =IFERROR(Q102/O102,0) -> 0 | T102: =IFERROR(R102/O102,0) -> 0 | U102: =IF(OR(O102=0,R102=0),0,MIN(1,R102/O102)) -> 0 | V102: =U102-S102 -> 0 | W102: =IF(AND(W$5>=$K102,W$5<=$L102,COUNTIF(휴일!$A$2:$A$20,W$5)=0),IF($G102="선택","□","■"),"") | X102: =IF(AND(X$5>=$K102,X$5<=$L102,COUNTIF(휴일!$A$2:$A$20,X$5)=0),IF($G102="선택","□","■"),"") | Y102: =IF(AND(Y$5>=$K102,Y$5<=$L102,COUNTIF(휴일!$A$2:$A$20,Y$5)=0),IF($G102="선택","□","■"),"") | Z102: =IF(AND(Z$5>=$K102,Z$5<=$L102,COUNTIF(휴일!$A$2:$A$20,Z$5)=0),IF($G102="선택","□","■"),"") | AA102: =IF(AND(AA$5>=$K102,AA$5<=$L102,COUNTIF(휴일!$A$2:$A$20,AA$5)=0),IF($G102="선택","□","■"),"") | AB102: =IF(AND(AB$5>=$K102,AB$5<=$L102,COUNTIF(휴일!$A$2:$A$20,AB$5)=0),IF($G102="선택","□","■"),"") | AC102: =IF(AND(AC$5>=$K102,AC$5<=$L102,COUNTIF(휴일!$A$2:$A$20,AC$5)=0),IF($G102="선택","□","■"),"") | AD102: =IF(AND(AD$5>=$K102,AD$5<=$L102,COUNTIF(휴일!$A$2:$A$20,AD$5)=0),IF($G102="선택","□","■"),"") | ... AF102: =IF(AND(AF$5>=$K102,AF$5<=$L102,COUNTIF(휴일!$A$2:$A$20,AF$5)=0),IF($G102="선택","□","■"),"")
E103: FR-24 | F103: CNN 학습 | G103: 선택 | H103: 이영노 | I103: 학습 모델 | J103: 학습 프레임워크 확인 후 위치와 회전각 학습 | K103: 46330 | L103: 46330 | O103: =IF(OR(K103="",L103=""),0,L103-K103+1-COUNTIFS(휴일!$A$2:$A$20,">="&K103,휴일!$A$2:$A$20,"<="&L103)) -> 1 | P103: =IF(OR(M103="",N103=""),0,N103-M103+1-COUNTIFS(휴일!$A$2:$A$20,">="&M103,휴일!$A$2:$A$20,"<="&N103)) -> 0 | Q103: =IF(O103=0,0,MAX(0,MIN(O103,$L$1-K103+1-COUNTIFS(휴일!$A$2:$A$20,">="&K103,휴일!$A$2:$A$20,"<="&$L$1)))) -> 0 | R103: =IF(P103=0,0,MIN(P103,O103)) -> 0 | S103: =IFERROR(Q103/O103,0) -> 0 | T103: =IFERROR(R103/O103,0) -> 0 | U103: =IF(OR(O103=0,R103=0),0,MIN(1,R103/O103)) -> 0 | V103: =U103-S103 -> 0 | W103: =IF(AND(W$5>=$K103,W$5<=$L103,COUNTIF(휴일!$A$2:$A$20,W$5)=0),IF($G103="선택","□","■"),"") | X103: =IF(AND(X$5>=$K103,X$5<=$L103,COUNTIF(휴일!$A$2:$A$20,X$5)=0),IF($G103="선택","□","■"),"") | Y103: =IF(AND(Y$5>=$K103,Y$5<=$L103,COUNTIF(휴일!$A$2:$A$20,Y$5)=0),IF($G103="선택","□","■"),"") | Z103: =IF(AND(Z$5>=$K103,Z$5<=$L103,COUNTIF(휴일!$A$2:$A$20,Z$5)=0),IF($G103="선택","□","■"),"") | AA103: =IF(AND(AA$5>=$K103,AA$5<=$L103,COUNTIF(휴일!$A$2:$A$20,AA$5)=0),IF($G103="선택","□","■"),"") | AB103: =IF(AND(AB$5>=$K103,AB$5<=$L103,COUNTIF(휴일!$A$2:$A$20,AB$5)=0),IF($G103="선택","□","■"),"") | AC103: =IF(AND(AC$5>=$K103,AC$5<=$L103,COUNTIF(휴일!$A$2:$A$20,AC$5)=0),IF($G103="선택","□","■"),"") | AD103: =IF(AND(AD$5>=$K103,AD$5<=$L103,COUNTIF(휴일!$A$2:$A$20,AD$5)=0),IF($G103="선택","□","■"),"") | ... AF103: =IF(AND(AF$5>=$K103,AF$5<=$L103,COUNTIF(휴일!$A$2:$A$20,AF$5)=0),IF($G103="선택","□","■"),"")
E104: FR-24 | F104: ONNX 변환 | G104: 선택 | H104: 이영노 | I104: ONNX 모델 | J104: 학습 모델을 ONNX로 변환 | K104: 46330 | L104: 46330 | O104: =IF(OR(K104="",L104=""),0,L104-K104+1-COUNTIFS(휴일!$A$2:$A$20,">="&K104,휴일!$A$2:$A$20,"<="&L104)) -> 1 | P104: =IF(OR(M104="",N104=""),0,N104-M104+1-COUNTIFS(휴일!$A$2:$A$20,">="&M104,휴일!$A$2:$A$20,"<="&N104)) -> 0 | Q104: =IF(O104=0,0,MAX(0,MIN(O104,$L$1-K104+1-COUNTIFS(휴일!$A$2:$A$20,">="&K104,휴일!$A$2:$A$20,"<="&$L$1)))) -> 0 | R104: =IF(P104=0,0,MIN(P104,O104)) -> 0 | S104: =IFERROR(Q104/O104,0) -> 0 | T104: =IFERROR(R104/O104,0) -> 0 | U104: =IF(OR(O104=0,R104=0),0,MIN(1,R104/O104)) -> 0 | V104: =U104-S104 -> 0 | W104: =IF(AND(W$5>=$K104,W$5<=$L104,COUNTIF(휴일!$A$2:$A$20,W$5)=0),IF($G104="선택","□","■"),"") | X104: =IF(AND(X$5>=$K104,X$5<=$L104,COUNTIF(휴일!$A$2:$A$20,X$5)=0),IF($G104="선택","□","■"),"") | Y104: =IF(AND(Y$5>=$K104,Y$5<=$L104,COUNTIF(휴일!$A$2:$A$20,Y$5)=0),IF($G104="선택","□","■"),"") | Z104: =IF(AND(Z$5>=$K104,Z$5<=$L104,COUNTIF(휴일!$A$2:$A$20,Z$5)=0),IF($G104="선택","□","■"),"") | AA104: =IF(AND(AA$5>=$K104,AA$5<=$L104,COUNTIF(휴일!$A$2:$A$20,AA$5)=0),IF($G104="선택","□","■"),"") | AB104: =IF(AND(AB$5>=$K104,AB$5<=$L104,COUNTIF(휴일!$A$2:$A$20,AB$5)=0),IF($G104="선택","□","■"),"") | AC104: =IF(AND(AC$5>=$K104,AC$5<=$L104,COUNTIF(휴일!$A$2:$A$20,AC$5)=0),IF($G104="선택","□","■"),"") | AD104: =IF(AND(AD$5>=$K104,AD$5<=$L104,COUNTIF(휴일!$A$2:$A$20,AD$5)=0),IF($G104="선택","□","■"),"") | ... AF104: =IF(AND(AF$5>=$K104,AF$5<=$L104,COUNTIF(휴일!$A$2:$A$20,AF$5)=0),IF($G104="선택","□","■"),"")
E105: FR-24 | F105: Unity Sentis 추론 | G105: 선택 | H105: 이영노 | I105: CNN 추론 | J105: ONNX 모델이 Unity 안에서 위치와 회전각을 출력 | K105: 46330 | L105: 46330 | O105: =IF(OR(K105="",L105=""),0,L105-K105+1-COUNTIFS(휴일!$A$2:$A$20,">="&K105,휴일!$A$2:$A$20,"<="&L105)) -> 1 | P105: =IF(OR(M105="",N105=""),0,N105-M105+1-COUNTIFS(휴일!$A$2:$A$20,">="&M105,휴일!$A$2:$A$20,"<="&N105)) -> 0 | Q105: =IF(O105=0,0,MAX(0,MIN(O105,$L$1-K105+1-COUNTIFS(휴일!$A$2:$A$20,">="&K105,휴일!$A$2:$A$20,"<="&$L$1)))) -> 0 | R105: =IF(P105=0,0,MIN(P105,O105)) -> 0 | S105: =IFERROR(Q105/O105,0) -> 0 | T105: =IFERROR(R105/O105,0) -> 0 | U105: =IF(OR(O105=0,R105=0),0,MIN(1,R105/O105)) -> 0 | V105: =U105-S105 -> 0 | W105: =IF(AND(W$5>=$K105,W$5<=$L105,COUNTIF(휴일!$A$2:$A$20,W$5)=0),IF($G105="선택","□","■"),"") | X105: =IF(AND(X$5>=$K105,X$5<=$L105,COUNTIF(휴일!$A$2:$A$20,X$5)=0),IF($G105="선택","□","■"),"") | Y105: =IF(AND(Y$5>=$K105,Y$5<=$L105,COUNTIF(휴일!$A$2:$A$20,Y$5)=0),IF($G105="선택","□","■"),"") | Z105: =IF(AND(Z$5>=$K105,Z$5<=$L105,COUNTIF(휴일!$A$2:$A$20,Z$5)=0),IF($G105="선택","□","■"),"") | AA105: =IF(AND(AA$5>=$K105,AA$5<=$L105,COUNTIF(휴일!$A$2:$A$20,AA$5)=0),IF($G105="선택","□","■"),"") | AB105: =IF(AND(AB$5>=$K105,AB$5<=$L105,COUNTIF(휴일!$A$2:$A$20,AB$5)=0),IF($G105="선택","□","■"),"") | AC105: =IF(AND(AC$5>=$K105,AC$5<=$L105,COUNTIF(휴일!$A$2:$A$20,AC$5)=0),IF($G105="선택","□","■"),"") | AD105: =IF(AND(AD$5>=$K105,AD$5<=$L105,COUNTIF(휴일!$A$2:$A$20,AD$5)=0),IF($G105="선택","□","■"),"") | ... AF105: =IF(AND(AF$5>=$K105,AF$5<=$L105,COUNTIF(휴일!$A$2:$A$20,AF$5)=0),IF($G105="선택","□","■"),"")
E106: FR-24 | F106: 픽업 목표 보정 연결 | G106: 선택 | H106: 이영노 | I106: 픽업 보정 | J106: TC-24 통과: 오차 확인. CNN 미적용 시에도 기본 공정 동작 | K106: 46330 | L106: 46330 | O106: =IF(OR(K106="",L106=""),0,L106-K106+1-COUNTIFS(휴일!$A$2:$A$20,">="&K106,휴일!$A$2:$A$20,"<="&L106)) -> 1 | P106: =IF(OR(M106="",N106=""),0,N106-M106+1-COUNTIFS(휴일!$A$2:$A$20,">="&M106,휴일!$A$2:$A$20,"<="&N106)) -> 0 | Q106: =IF(O106=0,0,MAX(0,MIN(O106,$L$1-K106+1-COUNTIFS(휴일!$A$2:$A$20,">="&K106,휴일!$A$2:$A$20,"<="&$L$1)))) -> 0 | R106: =IF(P106=0,0,MIN(P106,O106)) -> 0 | S106: =IFERROR(Q106/O106,0) -> 0 | T106: =IFERROR(R106/O106,0) -> 0 | U106: =IF(OR(O106=0,R106=0),0,MIN(1,R106/O106)) -> 0 | V106: =U106-S106 -> 0 | W106: =IF(AND(W$5>=$K106,W$5<=$L106,COUNTIF(휴일!$A$2:$A$20,W$5)=0),IF($G106="선택","□","■"),"") | X106: =IF(AND(X$5>=$K106,X$5<=$L106,COUNTIF(휴일!$A$2:$A$20,X$5)=0),IF($G106="선택","□","■"),"") | Y106: =IF(AND(Y$5>=$K106,Y$5<=$L106,COUNTIF(휴일!$A$2:$A$20,Y$5)=0),IF($G106="선택","□","■"),"") | Z106: =IF(AND(Z$5>=$K106,Z$5<=$L106,COUNTIF(휴일!$A$2:$A$20,Z$5)=0),IF($G106="선택","□","■"),"") | AA106: =IF(AND(AA$5>=$K106,AA$5<=$L106,COUNTIF(휴일!$A$2:$A$20,AA$5)=0),IF($G106="선택","□","■"),"") | AB106: =IF(AND(AB$5>=$K106,AB$5<=$L106,COUNTIF(휴일!$A$2:$A$20,AB$5)=0),IF($G106="선택","□","■"),"") | AC106: =IF(AND(AC$5>=$K106,AC$5<=$L106,COUNTIF(휴일!$A$2:$A$20,AC$5)=0),IF($G106="선택","□","■"),"") | AD106: =IF(AND(AD$5>=$K106,AD$5<=$L106,COUNTIF(휴일!$A$2:$A$20,AD$5)=0),IF($G106="선택","□","■"),"") | ... AF106: =IF(AND(AF$5>=$K106,AF$5<=$L106,COUNTIF(휴일!$A$2:$A$20,AF$5)=0),IF($G106="선택","□","■"),"")
E107: NFR-04 | F107: CNN 위치와 회전 오차 측정 | G107: 선택 | H107: 이영노 | I107: TC-28 결과 | J107: TC-28 측정값 기록. 미적용 시 TC-24, TC-28 해당 없음 기록 | K107: 46330 | L107: 46330 | O107: =IF(OR(K107="",L107=""),0,L107-K107+1-COUNTIFS(휴일!$A$2:$A$20,">="&K107,휴일!$A$2:$A$20,"<="&L107)) -> 1 | P107: =IF(OR(M107="",N107=""),0,N107-M107+1-COUNTIFS(휴일!$A$2:$A$20,">="&M107,휴일!$A$2:$A$20,"<="&N107)) -> 0 | Q107: =IF(O107=0,0,MAX(0,MIN(O107,$L$1-K107+1-COUNTIFS(휴일!$A$2:$A$20,">="&K107,휴일!$A$2:$A$20,"<="&$L$1)))) -> 0 | R107: =IF(P107=0,0,MIN(P107,O107)) -> 0 | S107: =IFERROR(Q107/O107,0) -> 0 | T107: =IFERROR(R107/O107,0) -> 0 | U107: =IF(OR(O107=0,R107=0),0,MIN(1,R107/O107)) -> 0 | V107: =U107-S107 -> 0 | W107: =IF(AND(W$5>=$K107,W$5<=$L107,COUNTIF(휴일!$A$2:$A$20,W$5)=0),IF($G107="선택","□","■"),"") | X107: =IF(AND(X$5>=$K107,X$5<=$L107,COUNTIF(휴일!$A$2:$A$20,X$5)=0),IF($G107="선택","□","■"),"") | Y107: =IF(AND(Y$5>=$K107,Y$5<=$L107,COUNTIF(휴일!$A$2:$A$20,Y$5)=0),IF($G107="선택","□","■"),"") | Z107: =IF(AND(Z$5>=$K107,Z$5<=$L107,COUNTIF(휴일!$A$2:$A$20,Z$5)=0),IF($G107="선택","□","■"),"") | AA107: =IF(AND(AA$5>=$K107,AA$5<=$L107,COUNTIF(휴일!$A$2:$A$20,AA$5)=0),IF($G107="선택","□","■"),"") | AB107: =IF(AND(AB$5>=$K107,AB$5<=$L107,COUNTIF(휴일!$A$2:$A$20,AB$5)=0),IF($G107="선택","□","■"),"") | AC107: =IF(AND(AC$5>=$K107,AC$5<=$L107,COUNTIF(휴일!$A$2:$A$20,AC$5)=0),IF($G107="선택","□","■"),"") | AD107: =IF(AND(AD$5>=$K107,AD$5<=$L107,COUNTIF(휴일!$A$2:$A$20,AD$5)=0),IF($G107="선택","□","■"),"") | ... AF107: =IF(AND(AF$5>=$K107,AF$5<=$L107,COUNTIF(휴일!$A$2:$A$20,AF$5)=0),IF($G107="선택","□","■"),"")
B108: 합계 (계획 기간과 진행은 선택 확장 제외) | O108: =SUMIF($G$6:$G$107,"<>선택",O6:O107) -> 92 | P108: =SUMIF($G$6:$G$107,"<>선택",P6:P107) -> 10 | Q108: =SUMIF($G$6:$G$107,"<>선택",Q6:Q107) -> 13 | R108: =SUMIF($G$6:$G$107,"<>선택",R6:R107) -> 10 | S108: =IFERROR(Q108/O108,0) -> 0.14130435 | T108: =IFERROR(R108/O108,0) -> 0.10869565 | U108: =U5 -> 0.076923077 | V108: =V5 -> -0.064381271
B110: 비고
B111: ■ 필수 작업 계획 기간. □ FR-24 선택 확장. 11/4 통합 시험과 수정 후 여유가 있을 때만 진행하며 진척율에서 제외.
B112: 가중치: 기획 0.1, 씬 구성 0.2, 공정 구현 0.3, 기능 연결 0.2, 시험 0.1, 발표 0.1. 10/31, 11/1은 휴일로 일정과 계획 기간에서 제외.
B113: 투입 간격, 속도 범위, 상차 재시도 조건, AMR 재개 조건, 성능 합격 수치, 기록 형식은 SRS에 따라 시험 후 확정.
B114: ML-Agents, ROS2, Nav2 작업은 범위에 포함하지 않음. 바코드 미판독 오류 처리는 MVP 제외.

Sheet 휴일
A1: 휴일 | B1: 내용
A2: 46326 | B2: 휴일 (토)
A3: 46327 | B3: 휴일 (일)
